summary. 1 functions processed: 0 checked; 1 trusted; 0 ignored. 0 constraints solved. Finished in 1m 57s
summary. 60 functions processed: 2 checked; 58 trusted; 0 ignored. 0 constraints solved. Finished in 324.39ms
summary. 39 functions processed: 39 checked; 0 trusted; 0 ignored. 1 constraints solved. Finished in 109.07ms
    Checking xarxa v0.13.1 (/Users/andrew/research/xarxa-nopanic)
warning: the feature `core_intrinsics` is internal to the compiler or standard library
  --> src/lib.rs:12:27
   |
12 | #![cfg_attr(flux, feature(core_intrinsics, discriminant_kind))]
   |                           ^^^^^^^^^^^^^^^
   |
   = note: using it is strongly discouraged
   = note: `#[warn(internal_features)]` on by default

warning: unused import: `crate::iface::Route`
 --> src/iface/interface/ipv6.rs:3:5
  |
3 | use crate::iface::Route;
  |     ^^^^^^^^^^^^^^^^^^^
  |
  = note: `#[warn(unused_imports)]` (part of `#[warn(unused)]`) on by default

warning: unused import: `super::fragmentation::PacketAssemblerSet`
  --> src/iface/interface/mod.rs:35:5
   |
35 | use super::fragmentation::PacketAssemblerSet;
   |     ^^^^^^^^^^^^^^^^^^^^^^^^^^^^^^^^^^^^^^^^

warning: unused imports: `IFACE_MAX_PREFIX_COUNT` and `IFACE_MAX_SIXLOWPAN_ADDRESS_CONTEXT_COUNT`
  --> src/iface/interface/mod.rs:42:27
   |
42 |     IFACE_MAX_ADDR_COUNT, IFACE_MAX_PREFIX_COUNT, IFACE_MAX_SIXLOWPAN_ADDRESS_CONTEXT_COUNT,
   |                           ^^^^^^^^^^^^^^^^^^^^^^  ^^^^^^^^^^^^^^^^^^^^^^^^^^^^^^^^^^^^^^^^^

warning: unused import: `NetworkEndian`
 --> src/wire/icmpv6.rs:1:28
  |
1 | use byteorder::{ByteOrder, NetworkEndian};
  |                            ^^^^^^^^^^^^^

warning: unused import: `NetworkEndian`
 --> src/wire/ipv6.rs:3:28
  |
3 | use byteorder::{ByteOrder, NetworkEndian};
  |                            ^^^^^^^^^^^^^

warning: unused import: `RawHardwareAddress`
 --> src/wire/ndisc.rs:6:37
  |
6 | use crate::wire::{Maybe, MaybeAddr, RawHardwareAddress};
  |                                     ^^^^^^^^^^^^^^^^^^

warning: unused imports: `OwnedVecStorage`, `VecInner`, and `VecStorage`
 --> src/flux_specs/heapless.rs:8:11
  |
8 |     vec::{OwnedVecStorage, VecInner, VecStorage},
  |           ^^^^^^^^^^^^^^^  ^^^^^^^^  ^^^^^^^^^^

warning: unused import: `core::slice::Iter`
 --> src/flux_specs/iter.rs:3:5
  |
3 | use core::slice::Iter;
  |     ^^^^^^^^^^^^^^^^^

warning: unused import: `ByteOrder`
 --> src/wire/ipv6.rs:3:17
  |
3 | use byteorder::{ByteOrder, NetworkEndian};
  |                 ^^^^^^^^^

warning: unused import: `ByteOrder`
 --> src/wire/icmpv6.rs:1:17
  |
1 | use byteorder::{ByteOrder, NetworkEndian};
  |                 ^^^^^^^^^

warning: variable does not need to be mutable
   --> src/iface/interface/ipv4.rs:122:13
    |
122 |         let mut ipv4_repr = check!(Ipv4Repr::parse_ref(ipv4_packet, &self.caps.checksum));
    |             ----^^^^^^^^^
    |             |
    |             help: remove this `mut`
    |
    = note: `#[warn(unused_mut)]` (part of `#[warn(unused)]`) on by default

warning: unused variable: `frag`
   --> src/iface/interface/ipv4.rs:119:9
    |
119 |         frag: &'a mut FragmentsBuffer,
    |         ^^^^ help: if this is intentional, prefix it with an underscore: `_frag`
    |
    = note: `#[warn(unused_variables)]` (part of `#[warn(unused)]`) on by default

warning: unused variable: `ip_repr`
   --> src/iface/interface/ipv4.rs:354:9
    |
354 |         ip_repr: Ipv4Repr,
    |         ^^^^^^^ help: if this is intentional, prefix it with an underscore: `_ip_repr`

warning: unreachable pattern
    --> src/iface/interface/mod.rs:1462:13
     |
1456 |             Medium::Ethernet => {
     |             ---------------- matches all the relevant values
...
1462 |             _ => (EthernetAddress::from_octets([0; 6]), tx_token),
     |             ^ no value can reach this
     |
     = note: `#[warn(unreachable_patterns)]` (part of `#[warn(unused)]`) on by default

warning: unreachable pattern
    --> src/iface/interface/mod.rs:1459:21
     |
1458 |                     (HardwareAddress::Ethernet(addr), tx_token) => (addr, tx_token),
     |                     ------------------------------------------- matches all the relevant values
1459 |                     (_, _) => unreachable!(),
     |                     ^^^^^^ no value can reach this

warning: unused variable: `repr`
    --> src/iface/interface/mod.rs:1469:26
     |
1469 |             IpRepr::Ipv4(repr) => {
     |                          ^^^^ help: if this is intentional, prefix it with an underscore: `_repr`

warning: irrefutable `let...else` pattern
   --> src/socket/dhcpv4.rs:332:9
    |
332 |         let HardwareAddress::Ethernet(ethernet_addr) = cx.hardware_addr() else {
    |         ^^^^^^^^^^^^^^^^^^^^^^^^^^^^^^^^^^^^^^^^^^^^^^^^^^^^^^^^^^^^^^^^^
    |
    = note: this pattern will always match, so the `else` clause is useless
    = help: consider removing the `else` clause
    = note: `#[warn(irrefutable_let_patterns)]` on by default

warning: irrefutable `let...else` pattern
   --> src/socket/dhcpv4.rs:583:9
    |
583 |         let HardwareAddress::Ethernet(ethernet_addr) = cx.hardware_addr() else {
    |         ^^^^^^^^^^^^^^^^^^^^^^^^^^^^^^^^^^^^^^^^^^^^^^^^^^^^^^^^^^^^^^^^^
    |
    = note: this pattern will always match, so the `else` clause is useless
    = help: consider removing the `else` clause

warning: variable does not need to be mutable
    --> src/socket/tcp.rs:2662:13
     |
2662 |         let mut ip_repr = Self::ip_repr_for_tuple(tuple, self.hop_limit.unwrap_or(64));
     |             ----^^^^^^^
     |             |
     |             help: remove this `mut`

warning: unused variable: `len`
   --> src/wire/icmpv6.rs:914:13
    |
914 |         let len = packet.checked_len()?;
    |             ^^^ help: if this is intentional, prefix it with an underscore: `_len`

warning: methods `link_local_ipv6_address` and `mldv2_report_packet` are never used
   --> src/iface/interface/ipv6.rs:182:8
    |
 32 | impl InterfaceInner {
    | ------------------- methods in this implementation
...
182 |     fn link_local_ipv6_address(&self) -> Option<Ipv6Address> {
    |        ^^^^^^^^^^^^^^^^^^^^^^^
...
630 |     pub(super) fn mldv2_report_packet<'any>(
    |                   ^^^^^^^^^^^^^^^^^^^
    |
    = note: `#[warn(dead_code)]` (part of `#[warn(unused)]`) on by default

warning: variant `HopByHopIcmpv6` is never constructed
   --> src/iface/packet.rs:367:5
    |
344 | pub(crate) enum IpPayload<'p> {
    |                 --------- variant in this enum
...
367 |     HopByHopIcmpv6(Ipv6HopByHopRepr<'p>, Icmpv6Repr<'p>),
    |     ^^^^^^^^^^^^^^
    |
    = note: `IpPayload` has a derived impl for the trait `Debug`, but this is intentionally ignored during dead code analysis

warning: constant `HTYPE` is never used
  --> src/wire/arp.rs:91:15
   |
91 |     pub const HTYPE: Field = 0..2;
   |               ^^^^^

warning: constant `PTYPE` is never used
  --> src/wire/arp.rs:92:15
   |
92 |     pub const PTYPE: Field = 2..4;
   |               ^^^^^

warning: method `into_repr` is never used
    --> src/wire/dhcpv4.rs:1310:19
     |
1295 | impl<'a> SizedRepr<'a> {
     | ---------------------- method in this implementation
...
1310 |     pub(crate) fn into_repr(self) -> Repr<'a> {
     |                   ^^^^^^^^^

warning: constant `DESTINATION` is never used
   --> src/wire/ethernet.rs:204:15
    |
204 |     pub const DESTINATION: Field = 0..6;
    |               ^^^^^^^^^^^

warning: constant `SOURCE` is never used
   --> src/wire/ethernet.rs:205:15
    |
205 |     pub const SOURCE: Field = 6..12;
    |               ^^^^^^

warning: constant `ETHERTYPE` is never used
   --> src/wire/ethernet.rs:206:15
    |
206 |     pub const ETHERTYPE: Field = 12..14;
    |               ^^^^^^^^^

warning: constant `CHECKSUM` is never used
   --> src/wire/icmpv6.rs:239:15
    |
239 |     pub const CHECKSUM: Field = 2..4;
    |               ^^^^^^^^

warning: constant `UNUSED` is never used
   --> src/wire/icmpv6.rs:241:15
    |
241 |     pub const UNUSED: Field = 4..8;
    |               ^^^^^^

warning: constant `MTU` is never used
   --> src/wire/icmpv6.rs:242:15
    |
242 |     pub const MTU: Field = 4..8;
    |               ^^^

warning: constant `POINTER` is never used
   --> src/wire/icmpv6.rs:243:15
    |
243 |     pub const POINTER: Field = 4..8;
    |               ^^^^^^^

warning: constant `ECHO_IDENT` is never used
   --> src/wire/icmpv6.rs:244:15
    |
244 |     pub const ECHO_IDENT: Field = 4..6;
    |               ^^^^^^^^^^

warning: constant `ECHO_SEQNO` is never used
   --> src/wire/icmpv6.rs:245:15
    |
245 |     pub const ECHO_SEQNO: Field = 6..8;
    |               ^^^^^^^^^^

warning: constant `HEADER_END` is never used
   --> src/wire/icmpv6.rs:247:15
    |
247 |     pub const HEADER_END: usize = 8;
    |               ^^^^^^^^^^

warning: constant `ROUTER_LT` is never used
   --> src/wire/icmpv6.rs:253:15
    |
253 |     pub const ROUTER_LT: Field = 6..8;
    |               ^^^^^^^^^

warning: constant `REACHABLE_TM` is never used
   --> src/wire/icmpv6.rs:254:15
    |
254 |     pub const REACHABLE_TM: Field = 8..12;
    |               ^^^^^^^^^^^^

warning: constant `RETRANS_TM` is never used
   --> src/wire/icmpv6.rs:255:15
    |
255 |     pub const RETRANS_TM: Field = 12..16;
    |               ^^^^^^^^^^

warning: constant `TARGET_ADDR` is never used
   --> src/wire/icmpv6.rs:258:15
    |
258 |     pub const TARGET_ADDR: Field = 8..24;
    |               ^^^^^^^^^^^

warning: constant `DEST_ADDR` is never used
   --> src/wire/icmpv6.rs:264:15
    |
264 |     pub const DEST_ADDR: Field = 24..40;
    |               ^^^^^^^^^

warning: constant `MAX_RESP_CODE` is never used
   --> src/wire/icmpv6.rs:270:15
    |
270 |     pub const MAX_RESP_CODE: Field = 4..6;
    |               ^^^^^^^^^^^^^

warning: constant `QUERY_RESV` is never used
   --> src/wire/icmpv6.rs:271:15
    |
271 |     pub const QUERY_RESV: Field = 6..8;
    |               ^^^^^^^^^^

warning: constant `QUERY_MCAST_ADDR` is never used
   --> src/wire/icmpv6.rs:272:15
    |
272 |     pub const QUERY_MCAST_ADDR: Field = 8..24;
    |               ^^^^^^^^^^^^^^^^

warning: constant `QUERY_NUM_SRCS` is never used
   --> src/wire/icmpv6.rs:275:15
    |
275 |     pub const QUERY_NUM_SRCS: Field = 26..28;
    |               ^^^^^^^^^^^^^^

warning: constant `RECORD_RESV` is never used
   --> src/wire/icmpv6.rs:278:15
    |
278 |     pub const RECORD_RESV: Field = 4..6;
    |               ^^^^^^^^^^^

warning: constant `NR_MCAST_RCRDS` is never used
   --> src/wire/icmpv6.rs:279:15
    |
279 |     pub const NR_MCAST_RCRDS: Field = 6..8;
    |               ^^^^^^^^^^^^^^

warning: constant `RECORD_NUM_SRCS` is never used
   --> src/wire/icmpv6.rs:284:15
    |
284 |     pub const RECORD_NUM_SRCS: Field = 2..4;
    |               ^^^^^^^^^^^^^^^

warning: constant `RECORD_MCAST_ADDR` is never used
   --> src/wire/icmpv6.rs:285:15
    |
285 |     pub const RECORD_MCAST_ADDR: Field = 4..20;
    |               ^^^^^^^^^^^^^^^^^

warning: associated function `from_u8` is never used
   --> src/wire/ipv4.rs:218:14
    |
205 | impl Ghost {
    | ---------- associated function in this implementation
...
218 |     const fn from_u8(_val: u8) -> Ghost {
    |              ^^^^^^^

warning: constant `LENGTH` is never used
   --> src/wire/ipv4.rs:261:15
    |
261 |     pub const LENGTH: Field = 2..4;
    |               ^^^^^^

warning: constant `IDENT` is never used
   --> src/wire/ipv4.rs:262:15
    |
262 |     pub const IDENT: Field = 4..6;
    |               ^^^^^

warning: constant `FLG_OFF` is never used
   --> src/wire/ipv4.rs:263:15
    |
263 |     pub const FLG_OFF: Field = 6..8;
    |               ^^^^^^^

warning: constant `CHECKSUM` is never used
   --> src/wire/ipv4.rs:266:15
    |
266 |     pub const CHECKSUM: Field = 10..12;
    |               ^^^^^^^^

warning: constant `SRC_ADDR` is never used
   --> src/wire/ipv4.rs:267:15
    |
267 |     pub const SRC_ADDR: Field = 12..16;
    |               ^^^^^^^^

warning: method `is_solicited_node_multicast` is never used
   --> src/wire/ipv6.rs:126:8
    |
 81 | pub(crate) trait AddressExt {
    |                  ---------- method in this trait
...
126 |     fn is_solicited_node_multicast(&self) -> bool;
    |        ^^^^^^^^^^^^^^^^^^^^^^^^^^^

warning: constant `VER_TC_FLOW` is never used
   --> src/wire/ipv6.rs:406:15
    |
406 |     pub const VER_TC_FLOW: Field = 0..4;
    |               ^^^^^^^^^^^

warning: constant `LENGTH` is never used
   --> src/wire/ipv6.rs:409:15
    |
409 |     pub const LENGTH: Field = 4..6;
    |               ^^^^^^

warning: constant `SRC_ADDR` is never used
   --> src/wire/ipv6.rs:417:15
    |
417 |     pub const SRC_ADDR: Field = 8..24;
    |               ^^^^^^^^

warning: constant `FR_OF_M` is never used
  --> src/wire/ipv6fragment.rs:30:15
   |
30 |     pub const FR_OF_M: Field = 0..2;
   |               ^^^^^^^

warning: constant `M` is never used
  --> src/wire/ipv6fragment.rs:34:15
   |
34 |     pub const M: usize = 1;
   |               ^

warning: function `DATA` is never used
   --> src/wire/ipv6option.rs:192:18
    |
192 |     pub const fn DATA(length: u8) -> Field {
    |                  ^^^^

warning: constant `MIN_OPT_LEN` is never used
   --> src/wire/ndiscoption.rs:142:15
    |
142 |     pub const MIN_OPT_LEN: usize = 8;
    |               ^^^^^^^^^^^

warning: function `DATA` is never used
   --> src/wire/ndiscoption.rs:144:18
    |
144 |     pub const fn DATA(length: u8) -> Field {
    |                  ^^^^

warning: constant `PREFIX` is never used
   --> src/wire/ndiscoption.rs:188:15
    |
188 |     pub const PREFIX: Field = 16..32;
    |               ^^^^^^

warning: constant `REDIR_MIN_SZ` is never used
   --> src/wire/ndiscoption.rs:203:15
    |
203 |     pub const REDIR_MIN_SZ: usize = 48;
    |               ^^^^^^^^^^^^

warning: constant `MTU` is never used
   --> src/wire/ndiscoption.rs:213:15
    |
213 |     pub const MTU: Field = 4..8;
    |               ^^^

warning: constant `SRC_PORT` is never used
   --> src/wire/tcp.rs:374:15
    |
374 |     pub const SRC_PORT: Field = 0..2;
    |               ^^^^^^^^

warning: constant `DST_PORT` is never used
   --> src/wire/tcp.rs:375:15
    |
375 |     pub const DST_PORT: Field = 2..4;
    |               ^^^^^^^^

warning: constant `SEQ_NUM` is never used
   --> src/wire/tcp.rs:376:15
    |
376 |     pub const SEQ_NUM: Field = 4..8;
    |               ^^^^^^^

warning: constant `ACK_NUM` is never used
   --> src/wire/tcp.rs:377:15
    |
377 |     pub const ACK_NUM: Field = 8..12;
    |               ^^^^^^^

warning: constant `FLAGS` is never used
   --> src/wire/tcp.rs:378:15
    |
378 |     pub const FLAGS: Field = 12..14;
    |               ^^^^^

warning: constant `WIN_SIZE` is never used
   --> src/wire/tcp.rs:379:15
    |
379 |     pub const WIN_SIZE: Field = 14..16;
    |               ^^^^^^^^

warning: constant `CHECKSUM` is never used
   --> src/wire/tcp.rs:380:15
    |
380 |     pub const CHECKSUM: Field = 16..18;
    |               ^^^^^^^^

warning: function `OPTIONS` is never used
   --> src/wire/tcp.rs:383:18
    |
383 |     pub const fn OPTIONS(length: u8) -> Field {
    |                  ^^^^^^^

warning: method `emit_header` is never used
   --> src/wire/udp.rs:589:19
    |
474 | impl Repr {
    | --------- method in this implementation
...
589 |     pub(crate) fn emit_header<T>(&self, packet: &mut Packet<T>, payload_len: usize)
    |                   ^^^^^^^^^^^

warning: constant `SRC_PORT` is never used
  --> src/wire/udp.rs:69:15
   |
69 |     pub const SRC_PORT: Field = 0..2;
   |               ^^^^^^^^

warning: constant `DST_PORT` is never used
  --> src/wire/udp.rs:70:15
   |
70 |     pub const DST_PORT: Field = 2..4;
   |               ^^^^^^^^

warning: constant `LENGTH` is never used
  --> src/wire/udp.rs:71:15
   |
71 |     pub const LENGTH: Field = 4..6;
   |               ^^^^^^

warning: function `PAYLOAD` is never used
  --> src/wire/udp.rs:74:18
   |
74 |     pub const fn PAYLOAD(length: u16) -> Field {
   |                  ^^^^^^^

warning: function `prefix` is never used
  --> src/flux_util.rs:33:8
   |
33 | pub fn prefix<T>(data: &[T], n: usize) -> &[T] {
   |        ^^^^^^

error[E0999]: call to core[a8c6]::ops::function::FnOnce::call_once may panic: MightPanic(NotInCallGraph)
  --> src/parsers.rs:55:15
   |
55 |         match f(self) {
   |               ^^^^^^^
   |
   = note: to rerun: `cargo flux check -p xarxa --only-check='def:parsers::Parser::<'\''a>::try_do'`

error[E0999]: call to core[a8c6]::result::{impl#28}::from_residual may panic: MightPanic(UnresolvedCall(DefId(1:3580 ~ core[a8c6]::convert::From::from)))
  --> src/parsers.rs:76:19
   |
76 |         let res = f(self)?;
   |                   ^^^^^^^^
   |
   = note: to rerun: `cargo flux check -p xarxa --only-check='def:parsers::Parser::<'\''a>::until_eof'`

error[E0999]: call to core[a8c6]::ops::function::FnOnce::call_once may panic: MightPanic(NotInCallGraph)
  --> src/parsers.rs:76:19
   |
76 |         let res = f(self)?;
   |                   ^^^^^^^
   |
   = note: to rerun: `cargo flux check -p xarxa --only-check='def:parsers::Parser::<'\''a>::until_eof'`

error[E0999]: call to core[a8c6]::result::{impl#28}::from_residual may panic: MightPanic(UnresolvedCall(DefId(1:3580 ~ core[a8c6]::convert::From::from)))
  --> src/parsers.rs:77:9
   |
77 |         self.accept_eof()?;
   |         ^^^^^^^^^^^^^^^^^^
   |
   = note: to rerun: `cargo flux check -p xarxa --only-check='def:parsers::Parser::<'\''a>::until_eof'`

error[E0999]: call to core[a8c6]::iter::range::{impl#6}::next may panic: MightPanic(Transitive)
   --> src/parsers.rs:111:18
    |
111 |         for _ in 1..max_digits {
    |                  ^^^^^^^^^^^^^
    |
    = note: to rerun: `cargo flux check -p xarxa --only-check='def:parsers::Parser::<'\''a>::accept_number'`

error[E0999]: call to core[a8c6]::iter::adapters::enumerate::{impl#1}::next may panic: MightPanic(SynthesizedPanic)
   --> src/parsers.rs:130:27
    |
130 |         for (n, octet) in octets.iter_mut().enumerate() {
    |                           ^^^^^^^^^^^^^^^^^^^^^^^^^^^^^
    |
    = note: to rerun: `cargo flux check -p xarxa --only-check='def:parsers::Parser::<'\''a>::accept_mac_joined_with'`

error[E0999]: call to core[a8c6]::net::ip_addr::{impl#32}::from may panic: MightPanic(Transitive)
   --> src/parsers.rs:321:12
    |
321 |         Ok(Ipv6Address::from(addr))
    |            ^^^^^^^^^^^^^^^^^^^^^^^
    |
    = note: to rerun: `cargo flux check -p xarxa --only-check='def:parsers::Parser::<'\''a>::accept_ipv6'`

error[E0999]: call to core[a8c6]::iter::adapters::enumerate::{impl#1}::next may panic: MightPanic(SynthesizedPanic)
   --> src/parsers.rs:326:27
    |
326 |         for (n, octet) in octets.iter_mut().enumerate() {
    |                           ^^^^^^^^^^^^^^^^^^^^^^^^^^^^^
    |
    = note: to rerun: `cargo flux check -p xarxa --only-check='def:parsers::Parser::<'\''a>::accept_ipv4_octets'`

error[E0999]: call to core[a8c6]::ops::function::Fn::call may panic: MightPanic(NotInCallGraph)
   --> src/iface/fragmentation.rs:182:19
    |
182 |         let len = f(&mut self.buffer[offset..])?;
    |                   ^^^^^^^^^^^^^^^^^^^^^^^^^^^^^
    |
    = note: to rerun: `cargo flux check -p xarxa --only-check='def:iface::fragmentation::PacketAssembler::<K>::add_with'`

error[E0999]: call to core[a8c6]::panicking::panic may panic: MightPanic(NoMIRAvailable)
   --> src/iface/fragmentation.rs:183:9
    |
183 |         assert!(offset + len <= self.buffer.len());
    |         ^^^^^^^^^^^^^^^^^^^^^^^^^^^^^^^^^^^^^^^^^^
    |
    = note: to rerun: `cargo flux check -p xarxa --only-check='def:iface::fragmentation::PacketAssembler::<K>::add_with'`

error[E0999]: call to core[a8c6]::option::{impl#17}::eq may panic: MightPanic(UnresolvedCall(DefId(1:3357 ~ core[a8c6]::cmp::PartialEq::eq)))
   --> src/iface/fragmentation.rs:292:16
    |
292 |             if slot.key.as_ref() == Some(key) {
    |                ^^^^^^^^^^^^^^^^^^^^^^^^^^^^^^
    |
    = note: to rerun: `cargo flux check -p xarxa --only-check='def:iface::fragmentation::PacketAssemblerSet::<K>::get'`

error[E0999]: call to core[a8c6]::slice::iter::{impl#174}::next may panic: MightPanic(Transitive)
   --> src/iface/fragmentation.rs:291:21
    |
291 |         for slot in &mut self.assemblers {
    |                     ^^^^^^^^^^^^^^^^^^^^
    |
    = note: to rerun: `cargo flux check -p xarxa --only-check='def:iface::fragmentation::PacketAssemblerSet::<K>::get'`

error[E0999]: call to core[a8c6]::result::{impl#28}::from_residual may panic: MightPanic(UnresolvedCall(DefId(1:3580 ~ core[a8c6]::convert::From::from)))
   --> src/iface/fragmentation.rs:300:20
    |
300 |         let slot = empty_slot.ok_or(AssemblerFullError)?;
    |                    ^^^^^^^^^^^^^^^^^^^^^^^^^^^^^^^^^^^^^
    |
    = note: to rerun: `cargo flux check -p xarxa --only-check='def:iface::fragmentation::PacketAssemblerSet::<K>::get'`

error[E0999]: call to core[a8c6]::slice::iter::{impl#174}::next may panic: MightPanic(Transitive)
   --> src/iface/fragmentation.rs:308:21
    |
308 |         for frag in &mut self.assemblers {
    |                     ^^^^^^^^^^^^^^^^^^^^
    |
    = note: to rerun: `cargo flux check -p xarxa --only-check='def:iface::fragmentation::PacketAssemblerSet::<K>::remove_expired'`

error[E0999]: call to core[a8c6]::option::{impl#0}::map may panic: MightPanic(Transitive)
  --> src/iface/interface/ethernet.rs:34:17
   |
34 | /                 self.process_ipv4(
35 | |                     sockets,
36 | |                     meta,
37 | |                     eth_frame.src_addr().into(),
...  |
41 | |                 .map(EthernetPacket::Ip)
   | |________________________________________^
   |
   = note: to rerun: `cargo flux check -p xarxa --only-check='def:iface::interface::ethernet::<impl iface::interface::InterfaceInner>::process_ethernet'`

error[E0999]: call to core[a8c6]::option::{impl#0}::map may panic: MightPanic(Transitive)
  --> src/iface/interface/ethernet.rs:46:17
   |
46 | /                 self.process_ipv6(sockets, meta, eth_frame.src_addr().into(), &ipv6_packet)
47 | |                     .map(EthernetPacket::Ip)
   | |____________________________________________^
   |
   = note: to rerun: `cargo flux check -p xarxa --only-check='def:iface::interface::ethernet::<impl iface::interface::InterfaceInner>::process_ethernet'`

error[E0999]: call to core[a8c6]::cmp::PartialEq::ne may panic: MightPanic(Transitive)
  --> src/iface/interface/ethernet.rs:18:16
   |
18 |             && HardwareAddress::Ethernet(eth_frame.dst_addr()) != self.hardware_addr
   |                ^^^^^^^^^^^^^^^^^^^^^^^^^^^^^^^^^^^^^^^^^^^^^^^^^^^^^^^^^^^^^^^^^^^^^
   |
   = note: to rerun: `cargo flux check -p xarxa --only-check='def:iface::interface::ethernet::<impl iface::interface::InterfaceInner>::process_ethernet'`

error[E0999]: call to core[a8c6]::net::ip_addr::{impl#52}::eq may panic: MightPanic(Transitive)
  --> src/iface/interface/ipv4.rs:81:38
   |
81 |             .any(|broadcast_address| address == broadcast_address)
   |                                      ^^^^^^^^^^^^^^^^^^^^^^^^^^^^
   |
   = note: to rerun: `cargo flux check -p xarxa --only-check='def:iface::interface::ipv4::<impl iface::interface::InterfaceInner>::is_broadcast_v4'`

error[E0999]: call to core[a8c6]::iter::traits::iterator::Iterator::any may panic: MightPanic(Transitive)
  --> src/iface/interface/ipv4.rs:74:9
   |
74 | /         self.ip_addrs
75 | |             .iter()
76 | |             .filter_map(|own_cidr| match own_cidr {
77 | |                 IpCidr::Ipv4(own_ip) => Some(own_ip.broadcast()?),
...  |
80 | |             })
81 | |             .any(|broadcast_address| address == broadcast_address)
   | |__________________________________________________________________^
   |
   = note: to rerun: `cargo flux check -p xarxa --only-check='def:iface::interface::ipv4::<impl iface::interface::InterfaceInner>::is_broadcast_v4'`

error[E0999]: call to core[a8c6]::slice::iter::{impl#166}::find_map may panic: MightPanic(Transitive)
  --> src/iface/interface/ipv4.rs:91:9
   |
91 | /         self.ip_addrs.iter().find_map(|addr| match *addr {
92 | |             IpCidr::Ipv4(cidr) => Some(cidr.address()),
93 | |             #[allow(unreachable_patterns)]
94 | |             _ => None,
95 | |         })
   | |__________^
   |
   = note: to rerun: `cargo flux check -p xarxa --only-check='def:iface::interface::ipv4::<impl iface::interface::InterfaceInner>::ipv4_addr'`

error[E0999]: call to core[a8c6]::slice::iter::{impl#166}::find_map may panic: MightPanic(Transitive)
   --> src/iface/interface/ipv6.rs:99:29
    |
 99 |           let mut candidate = self
    |  _____________________________^
100 | |             .ip_addrs
101 | |             .iter()
102 | |             .find_map(|a| match a {
...   |
105 | |                 IpCidr::Ipv6(a) => Some(a),
106 | |             })
    | |______________^
    |
    = note: to rerun: `cargo flux check -p xarxa --only-check='def:iface::interface::ipv6::<impl iface::interface::InterfaceInner>::get_source_address_ipv6'`

error[E0999]: call to core[a8c6]::iter::adapters::filter::{impl#3}::count may panic: MightPanic(Transitive)
  --> src/iface/interface/ipv6.rs:89:16
   |
89 |               || self
   |  ________________^
90 | |                 .ip_addrs
91 | |                 .iter()
92 | |                 .filter(|a| matches!(a, IpCidr::Ipv6(_)))
93 | |                 .count()
   | |________________________^
   |
   = note: to rerun: `cargo flux check -p xarxa --only-check='def:iface::interface::ipv6::<impl iface::interface::InterfaceInner>::get_source_address_ipv6'`

error[E0999]: call to core[a8c6]::option::{impl#0}::unwrap may panic: MightPanic(Transitive)
   --> src/iface/interface/ipv6.rs:99:29
    |
 99 |           let mut candidate = self
    |  _____________________________^
100 | |             .ip_addrs
101 | |             .iter()
102 | |             .find_map(|a| match a {
...   |
106 | |             })
107 | |             .unwrap(); // NOTE: we check above that there is at least one IPv6 address.
    | |_____________________^
    |
    = note: to rerun: `cargo flux check -p xarxa --only-check='def:iface::interface::ipv6::<impl iface::interface::InterfaceInner>::get_source_address_ipv6'`

error[E0999]: call to core[a8c6]::iter::adapters::filter_map::{impl#2}::next may panic: MightPanic(Transitive)
   --> src/iface/interface/ipv6.rs:109:21
    |
109 |           for addr in self.ip_addrs.iter().filter_map(|a| match a {
    |  _____________________^
110 | |             #[cfg(feature = "proto-ipv4")]
111 | |             IpCidr::Ipv4(_) => None,
112 | |             #[cfg(feature = "proto-ipv6")]
113 | |             IpCidr::Ipv6(a) => Some(a),
114 | |         }) {
    | |__________^
    |
    = note: to rerun: `cargo flux check -p xarxa --only-check='def:iface::interface::ipv6::<impl iface::interface::InterfaceInner>::get_source_address_ipv6'`

error[E0999]: call to core[a8c6]::panicking::panic may panic: MightPanic(NoMIRAvailable)
  --> src/iface/interface/ipv6.rs:40:9
   |
40 |         assert!(!dst_addr.is_unspecified());
   |         ^^^^^^^^^^^^^^^^^^^^^^^^^^^^^^^^^^^
   |
   = note: to rerun: `cargo flux check -p xarxa --only-check='def:iface::interface::ipv6::<impl iface::interface::InterfaceInner>::get_source_address_ipv6'`

error[E0999]: call to core[a8c6]::iter::traits::iterator::Iterator::zip may panic: MightPanic(Transitive)
  --> src/iface/interface/ipv6.rs:72:27
   |
72 |             for (l, r) in addr.octets().iter().zip(src_addr.octets().iter()) {
   |                           ^^^^^^^^^^^^^^^^^^^^^^^^^^^^^^^^^^^^^^^^^^^^^^^^^^
   |
   = note: to rerun: `cargo flux check -p xarxa --only-check='def:iface::interface::ipv6::<impl iface::interface::InterfaceInner>::get_source_address_ipv6::common_prefix_length'`

error[E0999]: call to core[a8c6]::num::{impl#6}::leading_zeros may panic: MightPanic(Transitive)
  --> src/iface/interface/ipv6.rs:76:29
   |
76 |                     bits += (l ^ r).leading_zeros();
   |                             ^^^^^^^^^^^^^^^^^^^^^^^
   |
   = note: to rerun: `cargo flux check -p xarxa --only-check='def:iface::interface::ipv6::<impl iface::interface::InterfaceInner>::get_source_address_ipv6::common_prefix_length'`

error[E0999]: call to core[a8c6]::slice::cmp::{impl#0}::eq may panic: MightPanic(Transitive)
   --> src/iface/interface/ipv6.rs:165:21
    |
165 |                     addr.octets()[14..] == cidr.address().octets()[14..]
    |                     ^^^^^^^^^^^^^^^^^^^^^^^^^^^^^^^^^^^^^^^^^^^^^^^^^^^^
    |
    = note: to rerun: `cargo flux check -p xarxa --only-check='def:iface::interface::ipv6::<impl iface::interface::InterfaceInner>::has_solicited_node'`

error[E0999]: call to core[a8c6]::slice::iter::{impl#166}::any may panic: MightPanic(Transitive)
   --> src/iface/interface/ipv6.rs:160:9
    |
160 | /         self.ip_addrs.iter().any(|cidr| {
161 | |             match *cidr {
162 | |                 IpCidr::Ipv6(cidr) if cidr.address() != Ipv6Address::LOCALHOST => {
...   |
169 | |         })
    | |__________^
    |
    = note: to rerun: `cargo flux check -p xarxa --only-check='def:iface::interface::ipv6::<impl iface::interface::InterfaceInner>::has_solicited_node'`

error[E0999]: call to core[a8c6]::cmp::PartialEq::ne may panic: MightPanic(Transitive)
   --> src/iface/interface/ipv6.rs:162:39
    |
162 |                 IpCidr::Ipv6(cidr) if cidr.address() != Ipv6Address::LOCALHOST => {
    |                                       ^^^^^^^^^^^^^^^^^^^^^^^^^^^^^^^^^^^^^^^^
    |
    = note: to rerun: `cargo flux check -p xarxa --only-check='def:iface::interface::ipv6::<impl iface::interface::InterfaceInner>::has_solicited_node'`

error[E0999]: call to core[a8c6]::slice::iter::{impl#166}::find_map may panic: MightPanic(Transitive)
   --> src/iface/interface/ipv6.rs:174:9
    |
174 | /         self.ip_addrs.iter().find_map(|addr| match *addr {
175 | |             IpCidr::Ipv6(cidr) => Some(cidr.address()),
176 | |             #[allow(unreachable_patterns)]
177 | |             _ => None,
178 | |         })
    | |__________^
    |
    = note: to rerun: `cargo flux check -p xarxa --only-check='def:iface::interface::ipv6::<impl iface::interface::InterfaceInner>::ipv6_addr'`

error[E0999]: call to core[a8c6]::slice::iter::{impl#166}::find_map may panic: MightPanic(Transitive)
   --> src/iface/interface/ipv6.rs:183:9
    |
183 | /         self.ip_addrs.iter().find_map(|addr| match *addr {
184 | |             #[cfg(feature = "proto-ipv4")]
185 | |             IpCidr::Ipv4(_) => None,
186 | |             #[cfg(feature = "proto-ipv6")]
...   |
195 | |         })
    | |__________^
    |
    = note: to rerun: `cargo flux check -p xarxa --only-check='def:iface::interface::ipv6::<impl iface::interface::InterfaceInner>::link_local_ipv6_address'`

error[E0999]: call to core[a8c6]::convert::{impl#3}::into may panic: MightPanic(Transitive)
   --> src/iface/interface/ipv6.rs:546:52
    |
546 |                         lladdr: MaybeAddr::Present(self.hardware_addr.into()),
    |                                                    ^^^^^^^^^^^^^^^^^^^^^^^^^
    |
    = note: to rerun: `cargo flux check -p xarxa --only-check='def:iface::interface::ipv6::<impl iface::interface::InterfaceInner>::process_ndisc'`

error[E0999]: call to core[a8c6]::iter::traits::iterator::Iterator::filter_map may panic: MightPanic(NotInCallGraph)
  --> src/iface/interface/udp.rs:30:27
   |
30 |           for udp_socket in sockets
   |  ___________________________^
31 | |             .items_mut()
32 | |             .filter_map(|i| UdpSocket::downcast_mut(&mut i.socket))
   | |___________________________________________________________________^
   |
   = note: to rerun: `cargo flux check -p xarxa --only-check='def:iface::interface::udp::<impl iface::interface::InterfaceInner>::process_udp'`

error[E0999]: call to core[a8c6]::iter::adapters::filter_map::{impl#2}::next may panic: MightPanic(UnresolvedCall(DefId(1:9984 ~ core[a8c6]::iter::traits::iterator::Iterator::find_map)))
  --> src/iface/interface/udp.rs:30:27
   |
30 |           for udp_socket in sockets
   |  ___________________________^
31 | |             .items_mut()
32 | |             .filter_map(|i| UdpSocket::downcast_mut(&mut i.socket))
   | |___________________________________________________________________^
   |
   = note: to rerun: `cargo flux check -p xarxa --only-check='def:iface::interface::udp::<impl iface::interface::InterfaceInner>::process_udp'`

error[E0999]: call to xarxa_driver[4575]::{impl#3}::capabilities may panic: MightPanic(UnresolvedCall(DefId(7:17 ~ xarxa_driver[4575]::Device::capabilities)))
   --> src/iface/interface/mod.rs:210:20
    |
210 |         let caps = device.capabilities();
    |                    ^^^^^^^^^^^^^^^^^^^^^
    |
    = note: to rerun: `cargo flux check -p xarxa --only-check='def:iface::interface::Interface::new'`

error[E0999]: call to core[a8c6]::panicking::assert_failed may panic: MightPanic(Transitive)
   --> src/iface/interface/mod.rs:212:9
    |
212 | /         assert_eq!(
213 | |             config.hardware_addr.medium(),
214 | |             medium,
215 | |             "The hardware address does not match the medium of the interface."
216 | |         );
    | |_________^
    |
    = note: to rerun: `cargo flux check -p xarxa --only-check='def:iface::interface::Interface::new'`

error[E0999]: call to core[a8c6]::panicking::panic may panic: MightPanic(NoMIRAvailable)
   --> src/iface/interface/mod.rs:310:9
    |
310 |         assert!(self.inner.medium == Medium::Ethernet);
    |         ^^^^^^^^^^^^^^^^^^^^^^^^^^^^^^^^^^^^^^^^^^^^^^
    |
    = note: to rerun: `cargo flux check -p xarxa --only-check='def:iface::interface::Interface::hardware_addr'`

error[E0999]: call to heapless[0e3f]::vec::{impl#42}::as_ref may panic: MightPanic(NoMIRAvailable)
   --> src/iface/interface/mod.rs:346:9
    |
346 |         self.inner.ip_addrs.as_ref()
    |         ^^^^^^^^^^^^^^^^^^^^^^^^^^^^
    |
    = note: to rerun: `cargo flux check -p xarxa --only-check='def:iface::interface::Interface::ip_addrs'`

error[E0999]: call to core[a8c6]::ops::function::FnOnce::call_once may panic: MightPanic(NotInCallGraph)
   --> src/iface/interface/mod.rs:390:9
    |
390 |         f(&mut self.inner.ip_addrs);
    |         ^^^^^^^^^^^^^^^^^^^^^^^^^^^
    |
    = note: to rerun: `cargo flux check -p xarxa --only-check='def:iface::interface::Interface::update_ip_addrs'`

error[E0999]: call to core[a8c6]::iter::traits::iterator::Iterator::filter_map may panic: MightPanic(NotInCallGraph)
   --> src/iface/interface/mod.rs:595:23
    |
595 |           let mut res = sockets
    |  _______________________^
596 | |             .items()
597 | |             .filter_map(|item| {
598 | |                 let socket_poll_at = item.socket.poll_at(&mut self.inner);
...   |
608 | |             })
    | |______________^
    |
    = note: to rerun: `cargo flux check -p xarxa --only-check='def:iface::interface::Interface::poll_at'`

error[E0999]: call to core[a8c6]::iter::traits::iterator::Iterator::min may panic: MightPanic(Transitive)
   --> src/iface/interface/mod.rs:595:23
    |
595 |           let mut res = sockets
    |  _______________________^
596 | |             .items()
597 | |             .filter_map(|item| {
598 | |                 let socket_poll_at = item.socket.poll_at(&mut self.inner);
...   |
608 | |             })
609 | |             .min();
    | |__________________^
    |
    = note: to rerun: `cargo flux check -p xarxa --only-check='def:iface::interface::Interface::poll_at'`

error[E0999]: call to xarxa_driver[4575]::RxToken::consume may panic: MightPanic(NotInCallGraph)
   --> src/iface/interface/mod.rs:645:9
    |
645 | /         rx_token.consume(|frame| {
646 | |             if frame.is_empty() {
647 | |                 return PollIngressSingleResult::PacketProcessed;
...   |
700 | |             PollIngressSingleResult::SocketStateChanged
701 | |         })
    | |__________^
    |
    = note: to rerun: `cargo flux check -p xarxa --only-check='def:iface::interface::Interface::socket_ingress'`

error[E0999]: call to xarxa_driver[4575]::RxToken::meta may panic: MightPanic(NotInCallGraph)
   --> src/iface/interface/mod.rs:644:23
    |
644 |         let rx_meta = rx_token.meta();
    |                       ^^^^^^^^^^^^^^^
    |
    = note: to rerun: `cargo flux check -p xarxa --only-check='def:iface::interface::Interface::socket_ingress'`

error[E0999]: call to xarxa_driver[4575]::Device::receive may panic: MightPanic(NotInCallGraph)
   --> src/iface/interface/mod.rs:640:42
    |
640 |         let Some((rx_token, tx_token)) = device.receive() else {
    |                                          ^^^^^^^^^^^^^^^^
    |
    = note: to rerun: `cargo flux check -p xarxa --only-check='def:iface::interface::Interface::socket_ingress'`

error[E0999]: call to core[a8c6]::panicking::panic_fmt may panic: MightPanic(NoMIRAvailable)
   --> src/iface/interface/mod.rs:997:17
    |
997 |                 panic!("IP address {} is not unicast", cidr.address())
    |                 ^^^^^^^^^^^^^^^^^^^^^^^^^^^^^^^^^^^^^^^^^^^^^^^^^^^^^^
    |
    = note: to rerun: `cargo flux check -p xarxa --only-check='def:iface::interface::InterfaceInner::check_ip_addrs'`

error[E0999]: call to core[a8c6]::slice::iter::{impl#166}::any may panic: MightPanic(UnresolvedCall(DefId(1:4248 ~ core[a8c6]::ops::function::FnMut::call_mut)))
    --> src/iface/interface/mod.rs:1012:9
     |
1012 |         self.ip_addrs.iter().any(|probe| probe.address() == addr)
     |         ^^^^^^^^^^^^^^^^^^^^^^^^^^^^^^^^^^^^^^^^^^^^^^^^^^^^^^^^^
     |
     = note: to rerun: `cargo flux check -p xarxa --only-check='def:iface::interface::InterfaceInner::has_ip_addr'`

error[E0999]: call to core[a8c6]::convert::Into::into may panic: MightPanic(NotInCallGraph)
    --> src/iface/interface/mod.rs:1011:20
     |
1011 |         let addr = addr.into();
     |                    ^^^^^^^^^^^
     |
     = note: to rerun: `cargo flux check -p xarxa --only-check='def:iface::interface::InterfaceInner::has_ip_addr'`

error[E0999]: call to core[a8c6]::net::ip_addr::{impl#52}::eq may panic: MightPanic(Transitive)
    --> src/iface/interface/mod.rs:1026:37
     |
1026 |             IpAddress::Ipv4(key) => key == IPV4_MULTICAST_ALL_SYSTEMS,
     |                                     ^^^^^^^^^^^^^^^^^^^^^^^^^^^^^^^^^
     |
     = note: to rerun: `cargo flux check -p xarxa --only-check='def:iface::interface::InterfaceInner::has_multicast_group'`

error[E0999]: call to core[a8c6]::net::ip_addr::{impl#58}::eq may panic: MightPanic(Transitive)
    --> src/iface/interface/mod.rs:1031:17
     |
1031 |                 key == IPV6_LINK_LOCAL_ALL_NODES || self.has_solicited_node(key)
     |                 ^^^^^^^^^^^^^^^^^^^^^^^^^^^^^^^^
     |
     = note: to rerun: `cargo flux check -p xarxa --only-check='def:iface::interface::InterfaceInner::has_multicast_group'`

error[E0999]: call to core[a8c6]::convert::Into::into may panic: MightPanic(NotInCallGraph)
    --> src/iface/interface/mod.rs:1017:20
     |
1017 |         let addr = addr.into();
     |                    ^^^^^^^^^^^
     |
     = note: to rerun: `cargo flux check -p xarxa --only-check='def:iface::interface::InterfaceInner::has_multicast_group'`

error[E0999]: call to core[a8c6]::slice::iter::{impl#166}::any may panic: MightPanic(Transitive)
    --> src/iface/interface/mod.rs:1130:9
     |
1130 |         self.ip_addrs.iter().any(|cidr| cidr.contains_addr(addr))
     |         ^^^^^^^^^^^^^^^^^^^^^^^^^^^^^^^^^^^^^^^^^^^^^^^^^^^^^^^^^
     |
     = note: to rerun: `cargo flux check -p xarxa --only-check='def:iface::interface::InterfaceInner::in_same_network'`

error[E0999]: call to core[a8c6]::result::{impl#28}::from_residual may panic: MightPanic(UnresolvedCall(DefId(1:3580 ~ core[a8c6]::convert::From::from)))
    --> src/iface/interface/mod.rs:1225:24
     |
1225 |           let dst_addr = self
     |  ________________________^
1226 | |             .route(dst_addr, self.now)
1227 | |             .ok_or(DispatchError::NoRoute)?;
     | |___________________________________________^
     |
     = note: to rerun: `cargo flux check -p xarxa --only-check='def:iface::interface::InterfaceInner::lookup_hardware_addr'`

error[E0999]: call to core[a8c6]::result::{impl#28}::from_residual may panic: MightPanic(UnresolvedCall(DefId(1:3580 ~ core[a8c6]::convert::From::from)))
    --> src/iface/interface/mod.rs:1247:43
     |
1247 |                       source_protocol_addr: self
     |  ___________________________________________^
1248 | |                         .get_source_address_ipv4(&dst_addr)
1249 | |                         .ok_or(DispatchError::NoRoute)?,
     | |_______________________________________________________^
     |
     = note: to rerun: `cargo flux check -p xarxa --only-check='def:iface::interface::InterfaceInner::lookup_hardware_addr'`

error[E0999]: call to core[a8c6]::convert::{impl#3}::into may panic: MightPanic(Transitive)
    --> src/iface/interface/mod.rs:1276:48
     |
1276 |                     lladdr: MaybeAddr::Present(self.hardware_addr.into()),
     |                                                ^^^^^^^^^^^^^^^^^^^^^^^^^
     |
     = note: to rerun: `cargo flux check -p xarxa --only-check='def:iface::interface::InterfaceInner::lookup_hardware_addr'`

error[E0999]: call to heapless[0e3f]::linear_map::{impl#0}::new may panic: MightPanic(NoMIRAvailable)
  --> src/iface/neighbor.rs:61:22
   |
61 |             storage: LinearMap::new(),
   |                      ^^^^^^^^^^^^^^^^
   |
   = note: to rerun: `cargo flux check -p xarxa --only-check='def:iface::neighbor::Cache::new'`

error[E0999]: call to heapless[0e3f]::linear_map::{impl#1}::get_mut may panic: MightPanic(NoMIRAvailable)
  --> src/iface/neighbor.rs:75:14
   |
75 |         }) = self.storage.get_mut(&protocol_addr)
   |              ^^^^^^^^^^^^^^^^^^^^^^^^^^^^^^^^^^^^
   |
   = note: to rerun: `cargo flux check -p xarxa --only-check='def:iface::neighbor::Cache::reset_expiry_if_existing'`

error[E0999]: call to core[a8c6]::panicking::panic may panic: MightPanic(NoMIRAvailable)
  --> src/iface/neighbor.rs:89:9
   |
89 |         debug_assert!(hardware_addr.is_unicast());
   |         ^^^^^^^^^^^^^^^^^^^^^^^^^^^^^^^^^^^^^^^^^
   |
   = note: to rerun: `cargo flux check -p xarxa --only-check='def:iface::neighbor::Cache::fill'`

error[E0999]: call to core[a8c6]::panicking::panic may panic: MightPanic(NoMIRAvailable)
  --> src/iface/neighbor.rs:88:9
   |
88 |         debug_assert!(protocol_addr.is_unicast());
   |         ^^^^^^^^^^^^^^^^^^^^^^^^^^^^^^^^^^^^^^^^^
   |
   = note: to rerun: `cargo flux check -p xarxa --only-check='def:iface::neighbor::Cache::fill'`

error[E0999]: call to core[a8c6]::panicking::panic may panic: MightPanic(NoMIRAvailable)
   --> src/iface/neighbor.rs:102:9
    |
102 |         debug_assert!(hardware_addr.is_unicast());
    |         ^^^^^^^^^^^^^^^^^^^^^^^^^^^^^^^^^^^^^^^^^
    |
    = note: to rerun: `cargo flux check -p xarxa --only-check='def:iface::neighbor::Cache::fill_with_expiration'`

error[E0999]: call to heapless[0e3f]::linear_map::{impl#1}::insert may panic: MightPanic(NoMIRAvailable)
   --> src/iface/neighbor.rs:132:23
    |
132 |                 match self.storage.insert(protocol_addr, neighbor) {
    |                       ^^^^^^^^^^^^^^^^^^^^^^^^^^^^^^^^^^^^^^^^^^^^
    |
    = note: to rerun: `cargo flux check -p xarxa --only-check='def:iface::neighbor::Cache::fill_with_expiration'`

error[E0999]: call to heapless[0e3f]::linear_map::{impl#1}::remove may panic: MightPanic(NoMIRAvailable)
   --> src/iface/neighbor.rs:131:37
    |
131 |                 let _old_neighbor = self.storage.remove(&old_protocol_addr).unwrap();
    |                                     ^^^^^^^^^^^^^^^^^^^^^^^^^^^^^^^^^^^^^^^
    |
    = note: to rerun: `cargo flux check -p xarxa --only-check='def:iface::neighbor::Cache::fill_with_expiration'`

error[E0999]: call to heapless[0e3f]::linear_map::{impl#1}::insert may panic: MightPanic(NoMIRAvailable)
   --> src/iface/neighbor.rs:108:15
    |
108 |         match self.storage.insert(protocol_addr, neighbor) {
    |               ^^^^^^^^^^^^^^^^^^^^^^^^^^^^^^^^^^^^^^^^^^^^
    |
    = note: to rerun: `cargo flux check -p xarxa --only-check='def:iface::neighbor::Cache::fill_with_expiration'`

error[E0999]: call to core[a8c6]::panicking::panic may panic: MightPanic(NoMIRAvailable)
   --> src/iface/neighbor.rs:143:26
    |
143 |                     _ => unreachable!(),
    |                          ^^^^^^^^^^^^^^
    |
    = note: to rerun: `cargo flux check -p xarxa --only-check='def:iface::neighbor::Cache::fill_with_expiration'`

error[E0999]: call to core[a8c6]::cmp::PartialEq::ne may panic: MightPanic(Transitive)
   --> src/iface/neighbor.rs:110:20
    |
110 |                 if old_neighbor.hardware_addr != hardware_addr {
    |                    ^^^^^^^^^^^^^^^^^^^^^^^^^^^^^^^^^^^^^^^^^^^
    |
    = note: to rerun: `cargo flux check -p xarxa --only-check='def:iface::neighbor::Cache::fill_with_expiration'`

error[E0999]: call to heapless[0e3f]::linear_map::{impl#1}::iter may panic: MightPanic(NoMIRAvailable)
   --> src/iface/neighbor.rs:124:42
    |
124 |                   let old_protocol_addr = *self
    |  __________________________________________^
125 | |                     .storage
126 | |                     .iter()
    | |___________________________^
    |
    = note: to rerun: `cargo flux check -p xarxa --only-check='def:iface::neighbor::Cache::fill_with_expiration'`

error[E0999]: call to core[a8c6]::option::{impl#0}::expect may panic: MightPanic(Transitive)
   --> src/iface/neighbor.rs:124:42
    |
124 |                   let old_protocol_addr = *self
    |  __________________________________________^
125 | |                     .storage
126 | |                     .iter()
127 | |                     .min_by_key(|(_, neighbor)| neighbor.expires_at)
128 | |                     .expect("empty neighbor cache storage")
    | |___________________________________________________________^
    |
    = note: to rerun: `cargo flux check -p xarxa --only-check='def:iface::neighbor::Cache::fill_with_expiration'`

error[E0999]: call to core[a8c6]::panicking::panic may panic: MightPanic(NoMIRAvailable)
   --> src/iface/neighbor.rs:101:9
    |
101 |         debug_assert!(protocol_addr.is_unicast());
    |         ^^^^^^^^^^^^^^^^^^^^^^^^^^^^^^^^^^^^^^^^^
    |
    = note: to rerun: `cargo flux check -p xarxa --only-check='def:iface::neighbor::Cache::fill_with_expiration'`

error[E0999]: call to core[a8c6]::iter::traits::iterator::Iterator::min_by_key may panic: MightPanic(Transitive)
   --> src/iface/neighbor.rs:124:42
    |
124 |                   let old_protocol_addr = *self
    |  __________________________________________^
125 | |                     .storage
126 | |                     .iter()
127 | |                     .min_by_key(|(_, neighbor)| neighbor.expires_at)
    | |____________________________________________________________________^
    |
    = note: to rerun: `cargo flux check -p xarxa --only-check='def:iface::neighbor::Cache::fill_with_expiration'`

error[E0999]: call to core[a8c6]::option::{impl#0}::unwrap may panic: MightPanic(Transitive)
   --> src/iface/neighbor.rs:131:37
    |
131 |                 let _old_neighbor = self.storage.remove(&old_protocol_addr).unwrap();
    |                                     ^^^^^^^^^^^^^^^^^^^^^^^^^^^^^^^^^^^^^^^^^^^^^^^^
    |
    = note: to rerun: `cargo flux check -p xarxa --only-check='def:iface::neighbor::Cache::fill_with_expiration'`

error[E0999]: call to heapless[0e3f]::linear_map::{impl#1}::get may panic: MightPanic(NoMIRAvailable)
   --> src/iface/neighbor.rs:155:14
    |
155 |         }) = self.storage.get(protocol_addr)
    |              ^^^^^^^^^^^^^^^^^^^^^^^^^^^^^^^
    |
    = note: to rerun: `cargo flux check -p xarxa --only-check='def:iface::neighbor::Cache::lookup'`

error[E0999]: call to core[a8c6]::panicking::panic may panic: MightPanic(NoMIRAvailable)
   --> src/iface/neighbor.rs:150:9
    |
150 |         assert!(protocol_addr.is_unicast());
    |         ^^^^^^^^^^^^^^^^^^^^^^^^^^^^^^^^^^^
    |
    = note: to rerun: `cargo flux check -p xarxa --only-check='def:iface::neighbor::Cache::lookup'`

error[E0999]: call to heapless[0e3f]::linear_map::{impl#1}::clear may panic: MightPanic(NoMIRAvailable)
   --> src/iface/neighbor.rs:173:9
    |
173 |         self.storage.clear()
    |         ^^^^^^^^^^^^^^^^^^^^
    |
    = note: to rerun: `cargo flux check -p xarxa --only-check='def:iface::neighbor::Cache::flush'`

error[E0999]: call to core[a8c6]::ops::function::FnOnce::call_once may panic: MightPanic(NotInCallGraph)
  --> src/iface/route.rs:93:9
   |
93 |         f(&mut self.storage);
   |         ^^^^^^^^^^^^^^^^^^^^
   |
   = note: to rerun: `cargo flux check -p xarxa --only-check='def:iface::route::Routes::update'`

error[E0999]: call to core[a8c6]::slice::iter::{impl#166}::find may panic: MightPanic(Transitive)
   --> src/iface/route.rs:129:9
    |
129 |         self.storage.iter().find(|r| r.is_ipv4_gateway()).copied()
    |         ^^^^^^^^^^^^^^^^^^^^^^^^^^^^^^^^^^^^^^^^^^^^^^^^^
    |
    = note: to rerun: `cargo flux check -p xarxa --only-check='def:iface::route::Routes::get_default_ipv4_route'`

error[E0999]: call to core[a8c6]::slice::iter::{impl#166}::find may panic: MightPanic(Transitive)
   --> src/iface/route.rs:135:9
    |
135 |         self.storage.iter().find(|r| r.is_ipv6_gateway()).copied()
    |         ^^^^^^^^^^^^^^^^^^^^^^^^^^^^^^^^^^^^^^^^^^^^^^^^^
    |
    = note: to rerun: `cargo flux check -p xarxa --only-check='def:iface::route::Routes::get_default_ipv6_route'`

error[E0999]: call to core[a8c6]::iter::traits::iterator::Iterator::find may panic: MightPanic(Transitive)
   --> src/iface/route.rs:143:31
    |
143 |           if let Some((i, _)) = self
    |  _______________________________^
144 | |             .storage
145 | |             .iter()
146 | |             .enumerate()
147 | |             .find(|(_, r)| r.is_ipv4_gateway())
    | |_______________________________________________^
    |
    = note: to rerun: `cargo flux check -p xarxa --only-check='def:iface::route::Routes::remove_default_ipv4_route'`

error[E0999]: call to heapless[0e3f]::vec::{impl#1}::remove may panic: MightPanic(NoMIRAvailable)
   --> src/iface/route.rs:149:18
    |
149 |             Some(self.storage.remove(i))
    |                  ^^^^^^^^^^^^^^^^^^^^^^
    |
    = note: to rerun: `cargo flux check -p xarxa --only-check='def:iface::route::Routes::remove_default_ipv4_route'`

error[E0999]: call to core[a8c6]::iter::traits::iterator::Iterator::find may panic: MightPanic(Transitive)
   --> src/iface/route.rs:160:31
    |
160 |           if let Some((i, _)) = self
    |  _______________________________^
161 | |             .storage
162 | |             .iter()
163 | |             .enumerate()
164 | |             .find(|(_, r)| r.is_ipv6_gateway())
    | |_______________________________________________^
    |
    = note: to rerun: `cargo flux check -p xarxa --only-check='def:iface::route::Routes::remove_default_ipv6_route'`

error[E0999]: call to heapless[0e3f]::vec::{impl#1}::remove may panic: MightPanic(NoMIRAvailable)
   --> src/iface/route.rs:166:18
    |
166 |             Some(self.storage.remove(i))
    |                  ^^^^^^^^^^^^^^^^^^^^^^
    |
    = note: to rerun: `cargo flux check -p xarxa --only-check='def:iface::route::Routes::remove_default_ipv6_route'`

error[E0999]: call to core[a8c6]::iter::traits::iterator::Iterator::max_by_key may panic: MightPanic(Transitive)
   --> src/iface/route.rs:175:9
    |
175 | /         self.storage
176 | |             .iter()
177 | |             // Keep only matching routes
178 | |             .filter(|route| {
...   |
187 | |             .max_by_key(|route| route.cidr.prefix_len())
    | |________________________________________________________^
    |
    = note: to rerun: `cargo flux check -p xarxa --only-check='def:iface::route::Routes::lookup'`

error[E0999]: call to core[a8c6]::panicking::panic may panic: MightPanic(NoMIRAvailable)
   --> src/iface/route.rs:173:9
    |
173 |         assert!(addr.is_unicast());
    |         ^^^^^^^^^^^^^^^^^^^^^^^^^^
    |
    = note: to rerun: `cargo flux check -p xarxa --only-check='def:iface::route::Routes::lookup'`

error[E0999]: call to core[a8c6]::ops::function::Fn::call may panic: MightPanic(NotInCallGraph)
  --> src/iface/socket_meta.rs:59:56
   |
59 |             NeighborState::Waiting { neighbor, .. } if has_neighbor(neighbor) => socket_poll_at,
   |                                                        ^^^^^^^^^^^^^^^^^^^^^^
   |
   = note: to rerun: `cargo flux check -p xarxa --only-check='def:iface::socket_meta::Meta::poll_at'`

error[E0999]: call to core[a8c6]::ops::function::Fn::call may panic: MightPanic(NotInCallGraph)
  --> src/iface/socket_meta.rs:77:20
   |
77 |                 if has_neighbor(neighbor) {
   |                    ^^^^^^^^^^^^^^^^^^^^^^
   |
   = note: to rerun: `cargo flux check -p xarxa --only-check='def:iface::socket_meta::Meta::egress_permitted'`

error[E0999]: call to core[a8c6]::convert::Into::into may panic: MightPanic(NotInCallGraph)
  --> src/iface/socket_set.rs:86:23
   |
86 |         let sockets = sockets.into();
   |                       ^^^^^^^^^^^^^^
   |
   = note: to rerun: `cargo flux check -p xarxa --only-check='def:iface::socket_set::SocketSet::<'\''a>::new'`

error[E0999]: call to core[a8c6]::iter::adapters::enumerate::{impl#1}::next may panic: MightPanic(SynthesizedPanic)
   --> src/iface/socket_set.rs:108:30
    |
108 |         for (index, slot) in self.sockets.iter_mut().enumerate() {
    |                              ^^^^^^^^^^^^^^^^^^^^^^^^^^^^^^^^^^^
    |
    = note: to rerun: `cargo flux check -p xarxa --only-check='def:iface::socket_set::SocketSet::<'\''a>::add'`

error[E0999]: call to core[a8c6]::panicking::panic_fmt may panic: MightPanic(NoMIRAvailable)
   --> src/iface/socket_set.rs:115:42
    |
115 |             ManagedSlice::Borrowed(_) => panic!("adding a socket to a full SocketSet"),
    |                                          ^^^^^^^^^^^^^^^^^^^^^^^^^^^^^^^^^^^^^^^^^^^^^
    |
    = note: to rerun: `cargo flux check -p xarxa --only-check='def:iface::socket_set::SocketSet::<'\''a>::add'`

error[E0999]: call to core[a8c6]::iter::traits::iterator::Iterator::map may panic: MightPanic(NotInCallGraph)
   --> src/iface/socket_set.rs:182:9
    |
182 |         self.items().map(|i| (i.meta.handle, &i.socket))
    |         ^^^^^^^^^^^^^^^^^^^^^^^^^^^^^^^^^^^^^^^^^^^^^^^^
    |
    = note: to rerun: `cargo flux check -p xarxa --only-check='def:iface::socket_set::SocketSet::<'\''a>::iter'`

error[E0999]: call to core[a8c6]::iter::traits::iterator::Iterator::map may panic: MightPanic(NotInCallGraph)
   --> src/iface/socket_set.rs:187:9
    |
187 |         self.items_mut().map(|i| (i.meta.handle, &mut i.socket))
    |         ^^^^^^^^^^^^^^^^^^^^^^^^^^^^^^^^^^^^^^^^^^^^^^^^^^^^^^^^
    |
    = note: to rerun: `cargo flux check -p xarxa --only-check='def:iface::socket_set::SocketSet::<'\''a>::iter_mut'`

error[E0999]: call to core[a8c6]::panicking::panic_fmt may panic: MightPanic(NoMIRAvailable)
  --> src/phy/mod.rs:67:23
   |
67 |   ...   medium => panic!(
   |  _________________^
68 | | ...       "The driver's medium is {medium:?}, but xarxa was built without support for it. Enable the corresponding `medium-*` Carg...
69 | | ...   ),
   | |_______^
   |
   = note: to rerun: `cargo flux check -p xarxa --only-check='def:phy::Medium::from_driver'`

error[E0999]: assertion might fail: possible remainder with a divisor of zero
  --> src/phy/fault_injector.rs:53:21
   |
53 |         let index = (xorshift32(&mut self.rng_seed) as usize) % buffer.len();
   |                     ^^^^^^^^^^^^^^^^^^^^^^^^^^^^^^^^^^^^^^^^^^^^^^^^^^^^^^^^
   |
   = note: to rerun: `cargo flux check -p xarxa --only-check='def:phy::fault_injector::State::corrupt'`

error[E0999]: call to core[a8c6]::panicking::panic_fmt may panic: MightPanic(NoMIRAvailable)
   --> src/phy/fault_injector.rs:170:13
    |
170 |             panic!("percentage out of range")
    |             ^^^^^^^^^^^^^^^^^^^^^^^^^^^^^^^^^
    |
    = note: to rerun: `cargo flux check -p xarxa --only-check='def:phy::fault_injector::FaultInjector::<D>::set_corrupt_chance'`

error[E0999]: call to core[a8c6]::panicking::panic_fmt may panic: MightPanic(NoMIRAvailable)
   --> src/phy/fault_injector.rs:181:13
    |
181 |             panic!("percentage out of range")
    |             ^^^^^^^^^^^^^^^^^^^^^^^^^^^^^^^^^
    |
    = note: to rerun: `cargo flux check -p xarxa --only-check='def:phy::fault_injector::FaultInjector::<D>::set_drop_chance'`

error[E0999]: call to xarxa_driver[4575]::Device::capabilities may panic: MightPanic(NotInCallGraph)
   --> src/phy/fault_injector.rs:219:24
    |
219 |         let mut caps = self.inner.capabilities();
    |                        ^^^^^^^^^^^^^^^^^^^^^^^^^
    |
    = note: to rerun: `cargo flux check -p xarxa --only-check='def:<phy::fault_injector::FaultInjector<D> as xarxa_driver::Device>::capabilities'`

error[E0999]: call to xarxa_driver[4575]::RxToken::consume may panic: MightPanic(NotInCallGraph)
   --> src/phy/fault_injector.rs:235:19
    |
235 |           let len = super::RxToken::consume(rx_token, |buffer| {
    |  ___________________^
236 | |             if (self.config.max_size > 0 && buffer.len() > self.config.max_size)
237 | |                 || buffer.len() > self.rx_buf.len()
...   |
243 | |             Some(buffer.len())
244 | |         })?;
    | |__________^
    |
    = note: to rerun: `cargo flux check -p xarxa --only-check='def:<phy::fault_injector::FaultInjector<D> as xarxa_driver::Device>::receive'`

error[E0999]: call to xarxa_driver[4575]::Device::receive may panic: MightPanic(NotInCallGraph)
   --> src/phy/fault_injector.rs:232:36
    |
232 |         let (rx_token, tx_token) = self.inner.receive()?;
    |                                    ^^^^^^^^^^^^^^^^^^^^
    |
    = note: to rerun: `cargo flux check -p xarxa --only-check='def:<phy::fault_injector::FaultInjector<D> as xarxa_driver::Device>::receive'`

error[E0999]: call to xarxa_driver[4575]::RxToken::meta may panic: MightPanic(NotInCallGraph)
   --> src/phy/fault_injector.rs:233:23
    |
233 |         let rx_meta = <D::RxToken<'_> as phy::RxToken>::meta(&rx_token);
    |                       ^^^^^^^^^^^^^^^^^^^^^^^^^^^^^^^^^^^^^^^^^^^^^^^^^
    |
    = note: to rerun: `cargo flux check -p xarxa --only-check='def:<phy::fault_injector::FaultInjector<D> as xarxa_driver::Device>::receive'`

error[E0999]: call to xarxa_driver[4575]::Device::transmit may panic: MightPanic(NotInCallGraph)
   --> src/phy/fault_injector.rs:276:9
    |
276 |         self.inner.transmit().map(|token| TxToken {
    |         ^^^^^^^^^^^^^^^^^^^^^
    |
    = note: to rerun: `cargo flux check -p xarxa --only-check='def:<phy::fault_injector::FaultInjector<D> as xarxa_driver::Device>::transmit'`

error[E0999]: call to core[a8c6]::option::{impl#0}::map may panic: MightPanic(UnresolvedCall(DefId(1:4252 ~ core[a8c6]::ops::function::FnOnce::call_once)))
   --> src/phy/fault_injector.rs:276:9
    |
276 | /         self.inner.transmit().map(|token| TxToken {
277 | |             state: &mut self.state,
278 | |             config: self.config,
279 | |             token,
280 | |             junk: [0; MTU],
281 | |             clock,
282 | |         })
    | |__________^
    |
    = note: to rerun: `cargo flux check -p xarxa --only-check='def:<phy::fault_injector::FaultInjector<D> as xarxa_driver::Device>::transmit'`

error[E0999]: call to core[a8c6]::ops::function::FnOnce::call_once may panic: MightPanic(NotInCallGraph)
   --> src/phy/fault_injector.rs:297:9
    |
297 |         f(self.buf)
    |         ^^^^^^^^^^^
    |
    = note: to rerun: `cargo flux check -p xarxa --only-check='def:<phy::fault_injector::RxToken<'\''a> as xarxa_driver::RxToken>::consume'`

error[E0999]: call to xarxa_driver[4575]::TxToken::set_meta may panic: MightPanic(NotInCallGraph)
   --> src/phy/fault_injector.rs:359:9
    |
359 |         self.token.set_meta(meta);
    |         ^^^^^^^^^^^^^^^^^^^^^^^^^
    |
    = note: to rerun: `cargo flux check -p xarxa --only-check='def:<phy::fault_injector::TxToken<'\''a, Tx> as xarxa_driver::TxToken>::set_meta'`

error[E0999]: call to byteorder[387c]::{impl#3}::write_u16 may panic: MightPanic(NotInCallGraph)
  --> src/phy/pcap_writer.rs:45:9
   |
45 |         NativeEndian::write_u16(&mut bytes, value);
   |         ^^^^^^^^^^^^^^^^^^^^^^^^^^^^^^^^^^^^^^^^^^
   |
   = note: to rerun: `cargo flux check -p xarxa --only-check='def:phy::pcap_writer::PcapSink::write_u16'`

error[E0999]: call to byteorder[387c]::{impl#3}::write_u32 may panic: MightPanic(NotInCallGraph)
  --> src/phy/pcap_writer.rs:52:9
   |
52 |         NativeEndian::write_u32(&mut bytes, value);
   |         ^^^^^^^^^^^^^^^^^^^^^^^^^^^^^^^^^^^^^^^^^^
   |
   = note: to rerun: `cargo flux check -p xarxa --only-check='def:phy::pcap_writer::PcapSink::write_u32'`

error[E0999]: call to core[a8c6]::convert::{impl#3}::into may panic: MightPanic(NotInCallGraph)
  --> src/phy/pcap_writer.rs:66:24
   |
66 |         self.write_u32(link_type.into()); // link-layer header type
   |                        ^^^^^^^^^^^^^^^^
   |
   = note: to rerun: `cargo flux check -p xarxa --only-check='def:phy::pcap_writer::PcapSink::global_header'`

error[E0999]: call to core[a8c6]::panicking::panic may panic: MightPanic(NotInCallGraph)
  --> src/phy/pcap_writer.rs:76:9
   |
76 |         assert!(length <= 65535);
   |         ^^^^^^^^^^^^^^^^^^^^^^^^
   |
   = note: to rerun: `cargo flux check -p xarxa --only-check='def:phy::pcap_writer::PcapSink::packet_header'`

error[E0999]: call to xarxa_driver[4575]::Device::capabilities may panic: MightPanic(NotInCallGraph)
   --> src/phy/pcap_writer.rs:131:22
    |
131 |         let medium = lower.capabilities().medium;
    |                      ^^^^^^^^^^^^^^^^^^^^
    |
    = note: to rerun: `cargo flux check -p xarxa --only-check='def:phy::pcap_writer::PcapWriter::<D, S>::new'`

error[E0999]: call to core[a8c6]::panicking::panic_fmt may panic: MightPanic(NoMIRAvailable)
   --> src/phy/pcap_writer.rs:139:23
    |
139 |             medium => panic!("unsupported medium {medium:?}"),
    |                       ^^^^^^^^^^^^^^^^^^^^^^^^^^^^^^^^^^^^^^^
    |
    = note: to rerun: `cargo flux check -p xarxa --only-check='def:phy::pcap_writer::PcapWriter::<D, S>::new'`

error[E0999]: call to xarxa_driver[4575]::Device::capabilities may panic: MightPanic(NotInCallGraph)
   --> src/phy/pcap_writer.rs:180:9
    |
180 |         self.lower.capabilities()
    |         ^^^^^^^^^^^^^^^^^^^^^^^^^
    |
    = note: to rerun: `cargo flux check -p xarxa --only-check='def:<phy::pcap_writer::PcapWriter<D, S> as xarxa_driver::Device>::capabilities'`

error[E0999]: call to xarxa_driver[4575]::Device::receive may panic: MightPanic(NotInCallGraph)
   --> src/phy/pcap_writer.rs:192:9
    |
192 |         self.lower.receive().map(move |(rx_token, tx_token)| {
    |         ^^^^^^^^^^^^^^^^^^^^
    |
    = note: to rerun: `cargo flux check -p xarxa --only-check='def:<phy::pcap_writer::PcapWriter<D, S> as xarxa_driver::Device>::receive'`

error[E0999]: call to core[a8c6]::option::{impl#0}::map may panic: MightPanic(UnresolvedCall(DefId(1:4252 ~ core[a8c6]::ops::function::FnOnce::call_once)))
   --> src/phy/pcap_writer.rs:192:9
    |
192 | /         self.lower.receive().map(move |(rx_token, tx_token)| {
193 | |             let rx = RxToken {
194 | |                 token: rx_token,
195 | |                 sink,
...   |
205 | |             (rx, tx)
206 | |         })
    | |__________^
    |
    = note: to rerun: `cargo flux check -p xarxa --only-check='def:<phy::pcap_writer::PcapWriter<D, S> as xarxa_driver::Device>::receive'`

error[E0999]: call to xarxa_driver[4575]::Device::transmit may panic: MightPanic(NotInCallGraph)
   --> src/phy/pcap_writer.rs:213:9
    |
213 |         self.lower.transmit().map(move |token| TxToken {
    |         ^^^^^^^^^^^^^^^^^^^^^
    |
    = note: to rerun: `cargo flux check -p xarxa --only-check='def:<phy::pcap_writer::PcapWriter<D, S> as xarxa_driver::Device>::transmit'`

error[E0999]: call to core[a8c6]::option::{impl#0}::map may panic: MightPanic(UnresolvedCall(DefId(1:4252 ~ core[a8c6]::ops::function::FnOnce::call_once)))
   --> src/phy/pcap_writer.rs:213:9
    |
213 | /         self.lower.transmit().map(move |token| TxToken {
214 | |             token,
215 | |             sink,
216 | |             mode,
217 | |             clock,
218 | |         })
    | |__________^
    |
    = note: to rerun: `cargo flux check -p xarxa --only-check='def:<phy::pcap_writer::PcapWriter<D, S> as xarxa_driver::Device>::transmit'`

error[E0999]: call to core[a8c6]::cell::{impl#28}::borrow_mut may panic: MightPanic(Transitive)
   --> src/phy/pcap_writer.rs:234:54
    |
234 |                   PcapMode::Both | PcapMode::RxOnly => self
    |  ______________________________________________________^
235 | |                     .sink
236 | |                     .borrow_mut()
    | |_________________________________^
    |
    = note: to rerun: `cargo flux check -p xarxa --only-check='def:<phy::pcap_writer::RxToken<'\''a, Rx, S> as xarxa_driver::RxToken>::consume'`

error[E0999]: call to core[a8c6]::ops::function::FnOnce::call_once may panic: MightPanic(NotInCallGraph)
   --> src/phy/pcap_writer.rs:240:13
    |
240 |             f(buffer)
    |             ^^^^^^^^^
    |
    = note: to rerun: `cargo flux check -p xarxa --only-check='def:<phy::pcap_writer::RxToken<'\''a, Rx, S> as xarxa_driver::RxToken>::consume'`

error[E0999]: call to xarxa_driver[4575]::RxToken::consume may panic: MightPanic(NotInCallGraph)
   --> src/phy/pcap_writer.rs:232:9
    |
232 | /         self.token.consume(|buffer| {
233 | |             match self.mode {
234 | |                 PcapMode::Both | PcapMode::RxOnly => self
235 | |                     .sink
...   |
240 | |             f(buffer)
241 | |         })
    | |__________^
    |
    = note: to rerun: `cargo flux check -p xarxa --only-check='def:<phy::pcap_writer::RxToken<'\''a, Rx, S> as xarxa_driver::RxToken>::consume'`

error[E0999]: call to xarxa_driver[4575]::RxToken::meta may panic: MightPanic(NotInCallGraph)
   --> src/phy/pcap_writer.rs:245:9
    |
245 |         self.token.meta()
    |         ^^^^^^^^^^^^^^^^^
    |
    = note: to rerun: `cargo flux check -p xarxa --only-check='def:<phy::pcap_writer::RxToken<'\''a, Rx, S> as xarxa_driver::RxToken>::meta'`

error[E0999]: call to xarxa_driver[4575]::TxToken::set_meta may panic: MightPanic(NotInCallGraph)
   --> src/phy/pcap_writer.rs:281:9
    |
281 |         self.token.set_meta(meta)
    |         ^^^^^^^^^^^^^^^^^^^^^^^^^
    |
    = note: to rerun: `cargo flux check -p xarxa --only-check='def:<phy::pcap_writer::TxToken<'\''a, Tx, S> as xarxa_driver::TxToken>::set_meta'`

error[E0999]: call to xarxa_driver[4575]::Device::capabilities may panic: MightPanic(NotInCallGraph)
  --> src/phy/tracer.rs:54:9
   |
54 |         self.inner.capabilities()
   |         ^^^^^^^^^^^^^^^^^^^^^^^^^
   |
   = note: to rerun: `cargo flux check -p xarxa --only-check='def:<phy::tracer::Tracer<D> as xarxa_driver::Device>::capabilities'`

error[E0999]: call to xarxa_driver[4575]::Device::capabilities may panic: MightPanic(NotInCallGraph)
  --> src/phy/tracer.rs:63:22
   |
63 |         let medium = self.inner.capabilities().medium;
   |                      ^^^^^^^^^^^^^^^^^^^^^^^^^
   |
   = note: to rerun: `cargo flux check -p xarxa --only-check='def:<phy::tracer::Tracer<D> as xarxa_driver::Device>::receive'`

error[E0999]: call to core[a8c6]::option::{impl#0}::map may panic: MightPanic(UnresolvedCall(DefId(1:4252 ~ core[a8c6]::ops::function::FnOnce::call_once)))
  --> src/phy/tracer.rs:64:9
   |
64 | /         self.inner.receive().map(|(rx_token, tx_token)| {
65 | |             let rx = RxToken {
66 | |                 token: rx_token,
67 | |                 writer: self.writer,
...  |
75 | |             (rx, tx)
76 | |         })
   | |__________^
   |
   = note: to rerun: `cargo flux check -p xarxa --only-check='def:<phy::tracer::Tracer<D> as xarxa_driver::Device>::receive'`

error[E0999]: call to xarxa_driver[4575]::Device::receive may panic: MightPanic(NotInCallGraph)
  --> src/phy/tracer.rs:64:9
   |
64 |         self.inner.receive().map(|(rx_token, tx_token)| {
   |         ^^^^^^^^^^^^^^^^^^^^
   |
   = note: to rerun: `cargo flux check -p xarxa --only-check='def:<phy::tracer::Tracer<D> as xarxa_driver::Device>::receive'`

error[E0999]: call to xarxa_driver[4575]::Device::transmit may panic: MightPanic(NotInCallGraph)
  --> src/phy/tracer.rs:81:9
   |
81 |         self.inner.transmit().map(|tx_token| TxToken {
   |         ^^^^^^^^^^^^^^^^^^^^^
   |
   = note: to rerun: `cargo flux check -p xarxa --only-check='def:<phy::tracer::Tracer<D> as xarxa_driver::Device>::transmit'`

error[E0999]: call to core[a8c6]::option::{impl#0}::map may panic: MightPanic(UnresolvedCall(DefId(1:4252 ~ core[a8c6]::ops::function::FnOnce::call_once)))
  --> src/phy/tracer.rs:81:9
   |
81 | /         self.inner.transmit().map(|tx_token| TxToken {
82 | |             token: tx_token,
83 | |             medium,
84 | |             writer: self.writer,
85 | |         })
   | |__________^
   |
   = note: to rerun: `cargo flux check -p xarxa --only-check='def:<phy::tracer::Tracer<D> as xarxa_driver::Device>::transmit'`

error[E0999]: call to xarxa_driver[4575]::Device::capabilities may panic: MightPanic(NotInCallGraph)
  --> src/phy/tracer.rs:80:22
   |
80 |         let medium = self.inner.capabilities().medium;
   |                      ^^^^^^^^^^^^^^^^^^^^^^^^^
   |
   = note: to rerun: `cargo flux check -p xarxa --only-check='def:<phy::tracer::Tracer<D> as xarxa_driver::Device>::transmit'`

error[E0999]: call to core[a8c6]::ops::function::FnOnce::call_once may panic: MightPanic(NotInCallGraph)
   --> src/phy/tracer.rs:107:13
    |
107 |             f(buffer)
    |             ^^^^^^^^^
    |
    = note: to rerun: `cargo flux check -p xarxa --only-check='def:<phy::tracer::RxToken<Rx> as xarxa_driver::RxToken>::consume'`

error[E0999]: call to xarxa_driver[4575]::RxToken::consume may panic: MightPanic(NotInCallGraph)
   --> src/phy/tracer.rs:101:9
    |
101 | /         self.token.consume(|buffer| {
102 | |             (self.writer)(TracerPacket {
103 | |                 buffer,
104 | |                 medium: self.medium,
...   |
107 | |             f(buffer)
108 | |         })
    | |__________^
    |
    = note: to rerun: `cargo flux check -p xarxa --only-check='def:<phy::tracer::RxToken<Rx> as xarxa_driver::RxToken>::consume'`

error[E0999]: call to xarxa_driver[4575]::RxToken::meta may panic: MightPanic(NotInCallGraph)
   --> src/phy/tracer.rs:112:9
    |
112 |         self.token.meta()
    |         ^^^^^^^^^^^^^^^^^
    |
    = note: to rerun: `cargo flux check -p xarxa --only-check='def:<phy::tracer::RxToken<Rx> as xarxa_driver::RxToken>::meta'`

error[E0999]: call to xarxa_driver[4575]::TxToken::set_meta may panic: MightPanic(NotInCallGraph)
   --> src/phy/tracer.rs:146:9
    |
146 |         self.token.set_meta(meta)
    |         ^^^^^^^^^^^^^^^^^^^^^^^^^
    |
    = note: to rerun: `cargo flux check -p xarxa --only-check='def:<phy::tracer::TxToken<Tx> as xarxa_driver::TxToken>::set_meta'`

error[E0999]: call to core[a8c6]::cmp::PartialEq::ne may panic: MightPanic(Transitive)
   --> src/socket/dhcpv4.rs:336:12
    |
336 |         if dhcp_repr.client_hardware_address != ethernet_addr {
    |            ^^^^^^^^^^^^^^^^^^^^^^^^^^^^^^^^^^^^^^^^^^^^^^^^^^
    |
    = note: to rerun: `cargo flux check -p xarxa --only-check='def:socket::dhcpv4::Socket::<'\''a>::process'`

error[E0999]: call to core[a8c6]::cmp::PartialEq::ne may panic: MightPanic(Transitive)
   --> src/socket/dhcpv4.rs:425:24
    |
425 |                     if state.config != config {
    |                        ^^^^^^^^^^^^^^^^^^^^^^
    |
    = note: to rerun: `cargo flux check -p xarxa --only-check='def:socket::dhcpv4::Socket::<'\''a>::process'`

error[E0999]: call to core[a8c6]::panicking::panic may panic: MightPanic(NoMIRAvailable)
   --> src/socket/dhcpv4.rs:315:9
    |
315 |         assert!(repr.src_port == self.server_port && repr.dst_port == self.client_port);
    |         ^^^^^^^^^^^^^^^^^^^^^^^^^^^^^^^^^^^^^^^^^^^^^^^^^^^^^^^^^^^^^^^^^^^^^^^^^^^^^^^
    |
    = note: to rerun: `cargo flux check -p xarxa --only-check='def:socket::dhcpv4::Socket::<'\''a>::process'`

error[E0999]: call to core[a8c6]::cmp::PartialEq::ne may panic: MightPanic(Transitive)
   --> src/socket/dhcpv4.rs:424:25
    |
424 |                         state.config != config || self.receive_packet_buffer.is_some();
    |                         ^^^^^^^^^^^^^^^^^^^^^^
    |
    = note: to rerun: `cargo flux check -p xarxa --only-check='def:socket::dhcpv4::Socket::<'\''a>::process'`

error[E0999]: call to core[a8c6]::iter::traits::iterator::Iterator::for_each may panic: MightPanic(Transitive)
   --> src/socket/dhcpv4.rs:486:9
    |
486 | /         dhcp_repr
487 | |             .dns_servers
488 | |             .iter()
489 | |             .flatten()
...   |
494 | |                 dns_servers.push(*a).ok();
495 | |             });
    | |______________^
    |
    = note: to rerun: `cargo flux check -p xarxa --only-check='def:socket::dhcpv4::Socket::<'\''a>::parse_ack'`

error[E0999]: call to heapless[0e3f]::vec::{impl#44}::clone may panic: MightPanic(NoMIRAvailable)
   --> src/socket/dhcpv4.rs:772:30
    |
772 |                 dns_servers: state.config.dns_servers.clone(),
    |                              ^^^^^^^^^^^^^^^^^^^^^^^^^^^^^^^^
    |
    = note: to rerun: `cargo flux check -p xarxa --only-check='def:socket::dhcpv4::Socket::<'\''a>::poll'`

error[E0999]: call to core[a8c6]::option::{impl#0}::map may panic: MightPanic(Transitive)
   --> src/socket/dhcpv4.rs:773:25
    |
773 |                   packet: self
    |  _________________________^
774 | |                     .receive_packet_buffer
775 | |                     .as_deref()
776 | |                     .map(DhcpPacket::new_unchecked),
    | |___________________________________________________^
    |
    = note: to rerun: `cargo flux check -p xarxa --only-check='def:socket::dhcpv4::Socket::<'\''a>::poll'`

error[E0999]: call to core[a8c6]::num::{impl#8}::div_ceil may panic: MightPanic(SynthesizedPanic)
   --> src/socket/tcp.rs:208:25
    |
208 |             self.srtt = (self.srtt * 7 + new_rtt).div_ceil(8);
    |                         ^^^^^^^^^^^^^^^^^^^^^^^^^^^^^^^^^^^^^
    |
    = note: to rerun: `cargo flux check -p xarxa --only-check='def:socket::tcp::RttEstimator::sample'`

error[E0999]: call to core[a8c6]::cmp::impls::{impl#65}::clamp may panic: MightPanic(Transitive)
   --> src/socket/tcp.rs:218:20
    |
218 |         self.rto = (self.srtt + margin).clamp(RTTE_MIN_RTO, RTTE_MAX_RTO);
    |                    ^^^^^^^^^^^^^^^^^^^^^^^^^^^^^^^^^^^^^^^^^^^^^^^^^^^^^^
    |
    = note: to rerun: `cargo flux check -p xarxa --only-check='def:socket::tcp::RttEstimator::sample'`

error[E0999]: call to core[a8c6]::num::{impl#8}::div_ceil may panic: MightPanic(SynthesizedPanic)
   --> src/socket/tcp.rs:207:27
    |
207 |             self.rttvar = (self.rttvar * 3 + diff).div_ceil(4);
    |                           ^^^^^^^^^^^^^^^^^^^^^^^^^^^^^^^^^^^^
    |
    = note: to rerun: `cargo flux check -p xarxa --only-check='def:socket::tcp::RttEstimator::sample'`

error[E0999]: call to core[a8c6]::convert::Into::into may panic: MightPanic(NotInCallGraph)
   --> src/socket/tcp.rs:598:39
    |
598 |         let (rx_buffer, tx_buffer) = (rx_buffer.into(), tx_buffer.into());
    |                                       ^^^^^^^^^^^^^^^^
    |
    = note: to rerun: `cargo flux check -p xarxa --only-check='def:socket::tcp::Socket::<'\''a>::new'`

error[E0999]: call to core[a8c6]::panicking::panic_fmt may panic: MightPanic(NoMIRAvailable)
   --> src/socket/tcp.rs:607:13
    |
607 |             panic!("receiving buffer too large, cannot exceed 1 GiB")
    |             ^^^^^^^^^^^^^^^^^^^^^^^^^^^^^^^^^^^^^^^^^^^^^^^^^^^^^^^^^
    |
    = note: to rerun: `cargo flux check -p xarxa --only-check='def:socket::tcp::Socket::<'\''a>::new'`

error[E0999]: call to core[a8c6]::num::{impl#11}::leading_zeros may panic: MightPanic(Transitive)
   --> src/socket/tcp.rs:609:57
    |
609 |         let rx_cap_log2 = mem::size_of::<usize>() * 8 - rx_capacity.leading_zeros() as usize;
    |                                                         ^^^^^^^^^^^^^^^^^^^^^^^^^^^
    |
    = note: to rerun: `cargo flux check -p xarxa --only-check='def:socket::tcp::Socket::<'\''a>::new'`

error[E0999]: call to core[a8c6]::convert::Into::into may panic: MightPanic(NotInCallGraph)
   --> src/socket/tcp.rs:598:57
    |
598 |         let (rx_buffer, tx_buffer) = (rx_buffer.into(), tx_buffer.into());
    |                                                         ^^^^^^^^^^^^^^^^
    |
    = note: to rerun: `cargo flux check -p xarxa --only-check='def:socket::tcp::Socket::<'\''a>::new'`

error[E0999]: call to core[a8c6]::panicking::panic_fmt may panic: MightPanic(NoMIRAvailable)
   --> src/socket/tcp.rs:896:13
    |
896 |             panic!("the time-to-live value of a packet must not be zero")
    |             ^^^^^^^^^^^^^^^^^^^^^^^^^^^^^^^^^^^^^^^^^^^^^^^^^^^^^^^^^^^^^
    |
    = note: to rerun: `cargo flux check -p xarxa --only-check='def:socket::tcp::Socket::<'\''a>::set_hop_limit'`

error[E0999]: call to core[a8c6]::num::{impl#11}::leading_zeros may panic: MightPanic(Transitive)
   --> src/socket/tcp.rs:928:43
    |
928 |             mem::size_of::<usize>() * 8 - self.rx_buffer.capacity().leading_zeros() as usize;
    |                                           ^^^^^^^^^^^^^^^^^^^^^^^^^^^^^^^^^^^^^^^^^
    |
    = note: to rerun: `cargo flux check -p xarxa --only-check='def:socket::tcp::Socket::<'\''a>::reset'`

error[E0999]: call to core[a8c6]::convert::Into::into may panic: MightPanic(NotInCallGraph)
   --> src/socket/tcp.rs:968:30
    |
968 |         let local_endpoint = local_endpoint.into();
    |                              ^^^^^^^^^^^^^^^^^^^^^
    |
    = note: to rerun: `cargo flux check -p xarxa --only-check='def:socket::tcp::Socket::<'\''a>::listen'`

error[E0999]: call to xarxa[c266]::storage::ring_buffer::{impl#3}::enqueue_many_with may panic: MightPanic(UnresolvedCall(DefId(1:4252 ~ core[a8c6]::ops::function::FnOnce::call_once)))
    --> src/socket/tcp.rs:1310:36
     |
1310 |         self.send_impl(|tx_buffer| tx_buffer.enqueue_many_with(f))
     |                                    ^^^^^^^^^^^^^^^^^^^^^^^^^^^^^^
     |
     = note: to rerun: `cargo flux check -p xarxa --only-check='def:socket::tcp::Socket::<'\''a>::send'`

error[E0999]: call to xarxa[c266]::storage::ring_buffer::{impl#3}::dequeue_many_with may panic: MightPanic(UnresolvedCall(DefId(1:4252 ~ core[a8c6]::ops::function::FnOnce::call_once)))
    --> src/socket/tcp.rs:1375:36
     |
1375 |         self.recv_impl(|rx_buffer| rx_buffer.dequeue_many_with(f))
     |                                    ^^^^^^^^^^^^^^^^^^^^^^^^^^^^^^
     |
     = note: to rerun: `cargo flux check -p xarxa --only-check='def:socket::tcp::Socket::<'\''a>::recv'`

error[E0999]: call to core[a8c6]::cmp::PartialEq::ne may panic: MightPanic(Transitive)
    --> src/socket/tcp.rs:1443:12
     |
1443 |         if self.state != state {
     |            ^^^^^^^^^^^^^^^^^^^
     |
     = note: to rerun: `cargo flux check -p xarxa --only-check='def:socket::tcp::Socket::<'\''a>::set_state'`

error[E0999]: call to core[a8c6]::panicking::panic may panic: MightPanic(NoMIRAvailable)
    --> src/socket/tcp.rs:1654:9
     |
1654 |         debug_assert!(self.accepts(cx, ip_repr, repr));
     |         ^^^^^^^^^^^^^^^^^^^^^^^^^^^^^^^^^^^^^^^^^^^^^^
     |
     = note: to rerun: `cargo flux check -p xarxa --only-check='def:socket::tcp::Socket::<'\''a>::process'`

error[E0999]: call to core[a8c6]::cmp::PartialEq::ne may panic: MightPanic(Transitive)
    --> src/socket/tcp.rs:1907:12
     |
1907 |         if repr.control != TcpControl::Rst
     |            ^^^^^^^^^^^^^^^^^^^^^^^^^^^^^^^
     |
     = note: to rerun: `cargo flux check -p xarxa --only-check='def:socket::tcp::Socket::<'\''a>::process'`

error[E0999]: call to core[a8c6]::num::{impl#6}::saturating_add may panic: MightPanic(Transitive)
    --> src/socket/tcp.rs:2174:46
     |
2174 |                     self.local_rx_dup_acks = self.local_rx_dup_acks.saturating_add(1);
     |                                              ^^^^^^^^^^^^^^^^^^^^^^^^^^^^^^^^^^^^^^^^
     |
     = note: to rerun: `cargo flux check -p xarxa --only-check='def:socket::tcp::Socket::<'\''a>::process'`

error[E0999]: refinement type error
    --> src/socket/tcp.rs:2310:13
     |
2310 |             self.rx_buffer.enqueue_unallocated(contig_len);
     |             ^^^^^^^^^^^^^^^^^^^^^^^^^^^^^^^^^^^^^^^^^^^^^^ a precondition cannot be proved
     |
note: this is the condition that cannot be proved
    --> src/storage/ring_buffer.rs:494:61
     |
 494 |     #[flux_rs::sig(fn(self: &mut Self[@r], {usize[@count] | count <= r.cap - r.length})
     |                                                             ^^^^^^^^^^^^^^^^^^^^^^^^^
     = note: to rerun: `cargo flux check -p xarxa --only-check='def:socket::tcp::Socket::<'\''a>::process'`

error[E0999]: call to core[a8c6]::panicking::panic may panic: MightPanic(NoMIRAvailable)
    --> src/socket/tcp.rs:2301:9
     |
2301 |         debug_assert!(len_written == payload_len);
     |         ^^^^^^^^^^^^^^^^^^^^^^^^^^^^^^^^^^^^^^^^^
     |
     = note: to rerun: `cargo flux check -p xarxa --only-check='def:socket::tcp::Socket::<'\''a>::process'`

error[E0999]: call to core[a8c6]::panicking::panic may panic: MightPanic(NoMIRAvailable)
    --> src/socket/tcp.rs:2146:13
     |
2146 |             debug_assert!(self.tx_buffer.len() >= ack_len);
     |             ^^^^^^^^^^^^^^^^^^^^^^^^^^^^^^^^^^^^^^^^^^^^^^
     |
     = note: to rerun: `cargo flux check -p xarxa --only-check='def:socket::tcp::Socket::<'\''a>::process'`

error[E0999]: call to core[a8c6]::panicking::panic may panic: MightPanic(NoMIRAvailable)
    --> src/socket/tcp.rs:1694:44
     |
1694 |             (State::Listen, _, Some(_)) => unreachable!(),
     |                                            ^^^^^^^^^^^^^^
     |
     = note: to rerun: `cargo flux check -p xarxa --only-check='def:socket::tcp::Socket::<'\''a>::process'`

error[E0999]: refinement type error
    --> src/socket/tcp.rs:2152:13
     |
2152 |             self.tx_buffer.dequeue_allocated(ack_len);
     |             ^^^^^^^^^^^^^^^^^^^^^^^^^^^^^^^^^^^^^^^^^ a precondition cannot be proved
     |
note: this is the condition that cannot be proved
    --> src/storage/ring_buffer.rs:554:61
     |
 554 |     #[flux_rs::sig(fn(self: &mut Self[@r], {usize[@count] | count <= r.length}) ensures self: Self[r.cap, idx_of(r.cap, r.read_at,...
     |                                                             ^^^^^^^^^^^^^^^^^
     = note: to rerun: `cargo flux check -p xarxa --only-check='def:socket::tcp::Socket::<'\''a>::process'`

error[E0999]: call to core[a8c6]::option::{impl#0}::unwrap may panic: MightPanic(Transitive)
    --> src/socket/tcp.rs:2373:35
     |
2373 |         let ip_header_len = match self.tuple.unwrap().local.addr {
     |                                   ^^^^^^^^^^^^^^^^^^^
     |
     = note: to rerun: `cargo flux check -p xarxa --only-check='def:socket::tcp::Socket::<'\''a>::seq_to_transmit'`

error[E0999]: call to core[a8c6]::iter::traits::iterator::Iterator::min may panic: MightPanic(Transitive)
    --> src/socket/tcp.rs:2952:14
     |
2952 |               *[self.timer.poll_at(), timeout_poll_at, delayed_ack_poll_at]
     |  ______________^
2953 | |                 .iter()
2954 | |                 .min()
     | |______________________^
     |
     = note: to rerun: `cargo flux check -p xarxa --only-check='def:socket::tcp::Socket::<'\''a>::poll_at'`

error[E0999]: call to core[a8c6]::cmp::PartialEq::ne may panic: MightPanic(Transitive)
    --> src/socket/tcp.rs:2970:8
     |
2970 |     if control != TcpControl::None || payload_is_empty {
     |        ^^^^^^^^^^^^^^^^^^^^^^^^^^^
     |
     = note: to rerun: `cargo flux check -p xarxa --only-check='def:socket::tcp::trace_flags'`

error[E0999]: call to core[a8c6]::cmp::PartialEq::ne may panic: MightPanic(Transitive)
   --> src/socket/udp.rs:617:16
    |
617 |             && self.endpoint.addr() != Some(ip_repr.dst_addr())
    |                ^^^^^^^^^^^^^^^^^^^^^^^^^^^^^^^^^^^^^^^^^^^^^^^^
    |
    = note: to rerun: `cargo flux check -p xarxa --only-check='def:socket::udp::Socket::<'\''a>::accepts'`

error[E0999]: call to core[a8c6]::panicking::panic may panic: MightPanic(NoMIRAvailable)
  --> src/storage/assembler.rs:85:9
   |
85 |         debug_assert!(self.hole_size >= size);
   |         ^^^^^^^^^^^^^^^^^^^^^^^^^^^^^^^^^^^^^
   |
   = note: to rerun: `cargo flux check -p xarxa --only-check='def:storage::assembler::Contig::shrink_hole_to'`

error[E0999]: call to core[a8c6]::slice::{impl#0}::fill may panic: MightPanic(UnresolvedCall(DefId(1:14541 ~ core[a8c6]::slice::specialize::SpecFill::spec_fill)))
   --> src/storage/assembler.rs:143:9
    |
143 |         self.contigs.fill(Contig::empty());
    |         ^^^^^^^^^^^^^^^^^^^^^^^^^^^^^^^^^^
    |
    = note: to rerun: `cargo flux check -p xarxa --only-check='def:storage::assembler::Assembler::clear'`

error[E0999]: call to core[a8c6]::option::{impl#0}::unwrap_or_else may panic: MightPanic(Transitive)
   --> src/storage/assembler.rs:290:35
    |
290 |                   self.contigs[x] = self
    |  ___________________________________^
291 | |                     .contigs
292 | |                     .get(x + shift)
293 | |                     .copied()
294 | |                     .unwrap_or_else(Contig::empty);
    | |__________________________________________________^
    |
    = note: to rerun: `cargo flux check -p xarxa --only-check='def:storage::assembler::Assembler::add'`

error[E0999]: call to core[a8c6]::panicking::panic may panic: MightPanic(NoMIRAvailable)
   --> src/storage/assembler.rs:321:13
    |
321 |             debug_assert!(front.data_size > 0);
    |             ^^^^^^^^^^^^^^^^^^^^^^^^^^^^^^^^^^
    |
    = note: to rerun: `cargo flux check -p xarxa --only-check='def:storage::assembler::Assembler::remove_front'`

error[E0999]: call to core[a8c6]::panicking::panic may panic: MightPanic(NoMIRAvailable)
  --> src/storage/packet_buffer.rs:67:5
   |
67 |     debug_assert!(payload_buf.len() >= metadata.size);
   |     ^^^^^^^^^^^^^^^^^^^^^^^^^^^^^^^^^^^^^^^^^^^^^^^^^
   |
   = note: to rerun: `cargo flux check -p xarxa --only-check='def:storage::packet_buffer::dequeue_one'`

error[E0999]: call to core[a8c6]::option::{impl#0}::unwrap may panic: MightPanic(Transitive)
  --> src/storage/packet_buffer.rs:70:13
   |
70 |     match f(metadata.header.as_mut().unwrap(), &mut payload_buf[..size]) {
   |             ^^^^^^^^^^^^^^^^^^^^^^^^^^^^^^^^^
   |
   = note: to rerun: `cargo flux check -p xarxa --only-check='def:storage::packet_buffer::dequeue_one'`

error[E0999]: refinement type error
   --> src/storage/packet_buffer.rs:70:64
    |
 70 |     match f(metadata.header.as_mut().unwrap(), &mut payload_buf[..size]) {
    |                                                                ^^^^^^^^ a precondition cannot be proved
    |
note: this is the condition that cannot be proved
   --> src/flux_specs/flux_core.rs:123:57
    |
123 | #[flux::assoc(fn in_bounds(r: Self, len: int) -> bool { r.end <= len })]
    |                                                         ^^^^^^^^^^^^
    = note: to rerun: `cargo flux check -p xarxa --only-check='def:storage::packet_buffer::dequeue_one'`

error[E0999]: call to core[a8c6]::ops::function::FnOnce::call_once may panic: MightPanic(NotInCallGraph)
  --> src/storage/packet_buffer.rs:70:11
   |
70 |     match f(metadata.header.as_mut().unwrap(), &mut payload_buf[..size]) {
   |           ^^^^^^^^^^^^^^^^^^^^^^^^^^^^^^^^^^^^^^^^^^^^^^^^^^^^^^^^^^^^^^
   |
   = note: to rerun: `cargo flux check -p xarxa --only-check='def:storage::packet_buffer::dequeue_one'`

error[E0999]: refinement type error
   --> src/storage/packet_buffer.rs:199:51
    |
199 |             .enqueue_many_with(|data| (f(&mut data[..max_size]), ()));
    |                                                   ^^^^^^^^^^^^ a precondition cannot be proved
    |
note: this is the condition that cannot be proved
   --> src/flux_specs/flux_core.rs:123:57
    |
123 | #[flux::assoc(fn in_bounds(r: Self, len: int) -> bool { r.end <= len })]
    |                                                         ^^^^^^^^^^^^
    = note: to rerun: `cargo flux check -p xarxa --only-check='def:storage::packet_buffer::PacketBuffer::<'\''a, H>::enqueue_with_infallible'`

error[E0999]: call to core[a8c6]::ops::function::FnOnce::call_once may panic: MightPanic(NotInCallGraph)
   --> src/storage/packet_buffer.rs:199:40
    |
199 |             .enqueue_many_with(|data| (f(&mut data[..max_size]), ()));
    |                                        ^^^^^^^^^^^^^^^^^^^^^^^^
    |
    = note: to rerun: `cargo flux check -p xarxa --only-check='def:storage::packet_buffer::PacketBuffer::<'\''a, H>::enqueue_with_infallible'`

error[E0999]: call to core[a8c6]::result::{impl#28}::from_residual may panic: MightPanic(UnresolvedCall(DefId(1:3580 ~ core[a8c6]::convert::From::from)))
   --> src/storage/packet_buffer.rs:241:20
    |
241 |         let meta = self.metadata_ring.dequeue_one()?;
    |                    ^^^^^^^^^^^^^^^^^^^^^^^^^^^^^^^^^
    |
    = note: to rerun: `cargo flux check -p xarxa --only-check='def:storage::packet_buffer::PacketBuffer::<'\''a, H>::dequeue'`

error[E0999]: call to core[a8c6]::option::{impl#0}::unwrap may panic: MightPanic(Transitive)
   --> src/storage/packet_buffer.rs:245:13
    |
245 |         Ok((meta.header.take().unwrap(), payload_buf))
    |             ^^^^^^^^^^^^^^^^^^^^^^^^^^^
    |
    = note: to rerun: `cargo flux check -p xarxa --only-check='def:storage::packet_buffer::PacketBuffer::<'\''a, H>::dequeue'`

error[E0999]: call to core[a8c6]::panicking::panic may panic: MightPanic(NoMIRAvailable)
   --> src/storage/packet_buffer.rs:244:9
    |
244 |         debug_assert!(payload_buf.len() == meta.size);
    |         ^^^^^^^^^^^^^^^^^^^^^^^^^^^^^^^^^^^^^^^^^^^^^
    |
    = note: to rerun: `cargo flux check -p xarxa --only-check='def:storage::packet_buffer::PacketBuffer::<'\''a, H>::dequeue'`

error[E0999]: call to core[a8c6]::option::{impl#0}::unwrap may panic: MightPanic(Transitive)
   --> src/storage/packet_buffer.rs:257:17
    |
257 |                 metadata.header.as_ref().unwrap(),
    |                 ^^^^^^^^^^^^^^^^^^^^^^^^^^^^^^^^^
    |
    = note: to rerun: `cargo flux check -p xarxa --only-check='def:storage::packet_buffer::PacketBuffer::<'\''a, H>::peek'`

error[E0999]: call to core[a8c6]::slice::iter::{impl#174}::next may panic: MightPanic(Transitive)
   --> src/storage/ring_buffer.rs:129:21
    |
129 |         for elem in self.storage.iter_mut() {
    |                     ^^^^^^^^^^^^^^^^^^^^^^^
    |
    = note: to rerun: `cargo flux check -p xarxa --only-check='def:storage::ring_buffer::RingBuffer::<'\''a, T>::reset'`

error[E0999]: call to core[a8c6]::result::{impl#28}::from_residual may panic: MightPanic(UnresolvedCall(DefId(1:3580 ~ core[a8c6]::convert::From::from)))
   --> src/storage/ring_buffer.rs:241:9
    |
241 |         self.enqueue_one_with(Ok)?
    |         ^^^^^^^^^^^^^^^^^^^^^^^^^^
    |
    = note: to rerun: `cargo flux check -p xarxa --only-check='def:storage::ring_buffer::RingBuffer::<'\''a, T>::enqueue_one'`

error[E0999]: call to xarxa[c266]::storage::ring_buffer::{impl#2}::enqueue_one_with may panic: MightPanic(SynthesizedPanic)
   --> src/storage/ring_buffer.rs:241:9
    |
241 |         self.enqueue_one_with(Ok)?
    |         ^^^^^^^^^^^^^^^^^^^^^^^^^
    |
    = note: to rerun: `cargo flux check -p xarxa --only-check='def:storage::ring_buffer::RingBuffer::<'\''a, T>::enqueue_one'`

error[E0999]: call to core[a8c6]::result::{impl#28}::from_residual may panic: MightPanic(UnresolvedCall(DefId(1:3580 ~ core[a8c6]::convert::From::from)))
   --> src/storage/ring_buffer.rs:272:9
    |
272 |         self.dequeue_one_with(Ok)?
    |         ^^^^^^^^^^^^^^^^^^^^^^^^^^
    |
    = note: to rerun: `cargo flux check -p xarxa --only-check='def:storage::ring_buffer::RingBuffer::<'\''a, T>::dequeue_one'`

error[E0999]: call to xarxa[c266]::storage::ring_buffer::{impl#2}::dequeue_one_with may panic: MightPanic(SynthesizedPanic)
   --> src/storage/ring_buffer.rs:272:9
    |
272 |         self.dequeue_one_with(Ok)?
    |         ^^^^^^^^^^^^^^^^^^^^^^^^^
    |
    = note: to rerun: `cargo flux check -p xarxa --only-check='def:storage::ring_buffer::RingBuffer::<'\''a, T>::dequeue_one'`

error[E0999]: call to core[a8c6]::convert::Into::into may panic: MightPanic(NotInCallGraph)
  --> src/time.rs:35:21
   |
35 |             micros: micros.into(),
   |                     ^^^^^^^^^^^^^
   |
   = note: to rerun: `cargo flux check -p xarxa --only-check='def:time::Instant::from_micros'`

error[E0999]: call to core[a8c6]::convert::Into::into may panic: MightPanic(NotInCallGraph)
  --> src/time.rs:46:21
   |
46 |             micros: millis.into() * 1000,
   |                     ^^^^^^^^^^^^^
   |
   = note: to rerun: `cargo flux check -p xarxa --only-check='def:time::Instant::from_millis'`

error[E0999]: call to core[a8c6]::convert::Into::into may panic: MightPanic(NotInCallGraph)
  --> src/time.rs:60:21
   |
60 |             micros: secs.into() * 1000000,
   |                     ^^^^^^^^^^^
   |
   = note: to rerun: `cargo flux check -p xarxa --only-check='def:time::Instant::from_secs'`

error[E0999]: call to core[a8c6]::option::{impl#0}::expect may panic: MightPanic(Transitive)
   --> src/time.rs:269:13
    |
269 | /             self.micros
270 | |                 .checked_sub(rhs.total_micros())
271 | |                 .expect("overflow when subtracting durations"),
    | |______________________________________________________________^
    |
    = note: to rerun: `cargo flux check -p xarxa --only-check='def:<time::Duration as core::ops::Sub>::sub'`

error[E0999]: call to core[a8c6]::option::{impl#0}::expect may panic: MightPanic(Transitive)
   --> src/time.rs:278:23
    |
278 |           self.micros = self
    |  _______________________^
279 | |             .micros
280 | |             .checked_sub(rhs.total_micros())
281 | |             .expect("overflow when subtracting durations");
    | |__________________________________________________________^
    |
    = note: to rerun: `cargo flux check -p xarxa --only-check='def:<time::Duration as core::ops::SubAssign>::sub_assign'`

error[E0999]: assertion might fail: possible division by zero
   --> src/time.rs:303:31
    |
303 |         Duration::from_micros(self.micros / rhs as u64)
    |                               ^^^^^^^^^^^^^^^^^^^^^^^^
    |
    = note: to rerun: `cargo flux check -p xarxa --only-check='def:<time::Duration as core::ops::Div<u32>>::div'`

error[E0999]: assertion might fail: possible division by zero
   --> src/time.rs:309:9
    |
309 |         self.micros /= rhs as u64;
    |         ^^^^^^^^^^^^^^^^^^^^^^^^^
    |
    = note: to rerun: `cargo flux check -p xarxa --only-check='def:<time::Duration as core::ops::DivAssign<u32>>::div_assign'`

error[E0999]: call to core[a8c6]::result::{impl#28}::from_residual may panic: MightPanic(UnresolvedCall(DefId(1:3580 ~ core[a8c6]::convert::From::from)))
   --> src/wire/arp.rs:143:9
    |
143 |         packet.check_len()?;
    |         ^^^^^^^^^^^^^^^^^^^
    |
    = note: to rerun: `cargo flux check -p xarxa --only-check='def:wire::arp::Packet::<T>::new_checked'`

error[E0999]: call to core[a8c6]::result::{impl#28}::from_residual may panic: MightPanic(UnresolvedCall(DefId(1:3580 ~ core[a8c6]::convert::From::from)))
   --> src/wire/dhcpv4.rs:383:9
    |
383 |         packet.check_len()?;
    |         ^^^^^^^^^^^^^^^^^^^
    |
    = note: to rerun: `cargo flux check -p xarxa --only-check='def:wire::dhcpv4::Packet::<T>::new_checked'`

error[E0999]: call to core[a8c6]::slice::iter::{impl#166}::count may panic: MightPanic(Transitive)
    --> src/wire/dhcpv4.rs:1000:20
     |
1000 |             len += dns_servers.iter().count() * core::mem::size_of::<u32>();
     |                    ^^^^^^^^^^^^^^^^^^^^^^^^^^
     |
     = note: to rerun: `cargo flux check -p xarxa --only-check='def:wire::dhcpv4::Repr::<'\''a>::buffer_len'`

error[E0999]: call to core[a8c6]::iter::traits::iterator::{impl#2}::next may panic: MightPanic(Transitive)
    --> src/wire/dhcpv4.rs:1104:34
     |
1104 |                     for chunk in &mut addrs {
     |                                  ^^^^^^^^^^
     |
     = note: to rerun: `cargo flux check -p xarxa --only-check='def:wire::dhcpv4::Repr::<'\''a>::parse_ref'`

error[E0999]: call to core[a8c6]::result::{impl#0}::unwrap may panic: MightPanic(Transitive)
    --> src/wire/dhcpv4.rs:1067:66
     |
1067 |                     requested_ip = Some(Ipv4Address::from_octets(data.try_into().unwrap()));
     |                                                                  ^^^^^^^^^^^^^^^^^^^^^^^^
     |
     = note: to rerun: `cargo flux check -p xarxa --only-check='def:wire::dhcpv4::Repr::<'\''a>::parse_ref'`

error[E0999]: call to core[a8c6]::cmp::PartialEq::ne may panic: MightPanic(Transitive)
    --> src/wire/dhcpv4.rs:1071:24
     |
1071 |                     if hardware_type != Hardware::Ethernet {
     |                        ^^^^^^^^^^^^^^^^^^^^^^^^^^^^^^^^^^^
     |
     = note: to rerun: `cargo flux check -p xarxa --only-check='def:wire::dhcpv4::Repr::<'\''a>::parse_ref'`

error[E0999]: call to core[a8c6]::iter::traits::iterator::Iterator::next may panic: MightPanic(NotInCallGraph)
    --> src/wire/dhcpv4.rs:1057:23
     |
1057 |         for option in packet.options() {
     |                       ^^^^^^^^^^^^^^^^
     |
     = note: to rerun: `cargo flux check -p xarxa --only-check='def:wire::dhcpv4::Repr::<'\''a>::parse_ref'`

error[E0999]: call to core[a8c6]::result::{impl#0}::unwrap may panic: MightPanic(Transitive)
    --> src/wire/dhcpv4.rs:1109:60
     |
1109 | ...                   .push(Ipv4Address::from_octets(chunk.try_into().unwrap()))
     |                                                      ^^^^^^^^^^^^^^^^^^^^^^^^^
     |
     = note: to rerun: `cargo flux check -p xarxa --only-check='def:wire::dhcpv4::Repr::<'\''a>::parse_ref'`

error[E0999]: call to core[a8c6]::slice::{impl#0}::chunks_exact may panic: MightPanic(SynthesizedPanic)
    --> src/wire/dhcpv4.rs:1103:37
     |
1103 |                     let mut addrs = data.chunks_exact(IP_ADDR_BYTE_LEN);
     |                                     ^^^^^^^^^^^^^^^^^^^^^^^^^^^^^^^^^^^
     |
     = note: to rerun: `cargo flux check -p xarxa --only-check='def:wire::dhcpv4::Repr::<'\''a>::parse_ref'`

error[E0999]: call to core[a8c6]::result::{impl#0}::unwrap may panic: MightPanic(Transitive)
    --> src/wire/dhcpv4.rs:1083:65
     |
1083 |                     subnet_mask = Some(Ipv4Address::from_octets(data.try_into().unwrap()));
     |                                                                 ^^^^^^^^^^^^^^^^^^^^^^^^
     |
     = note: to rerun: `cargo flux check -p xarxa --only-check='def:wire::dhcpv4::Repr::<'\''a>::parse_ref'`

error[E0999]: call to core[a8c6]::result::{impl#0}::unwrap may panic: MightPanic(Transitive)
    --> src/wire/dhcpv4.rs:1077:71
     |
1077 |                     server_identifier = Some(Ipv4Address::from_octets(data.try_into().unwrap()));
     |                                                                       ^^^^^^^^^^^^^^^^^^^^^^^^
     |
     = note: to rerun: `cargo flux check -p xarxa --only-check='def:wire::dhcpv4::Repr::<'\''a>::parse_ref'`

error[E0999]: call to core[a8c6]::result::{impl#0}::unwrap may panic: MightPanic(Transitive)
    --> src/wire/dhcpv4.rs:1080:60
     |
1080 |                     router = Some(Ipv4Address::from_octets(data.try_into().unwrap()));
     |                                                            ^^^^^^^^^^^^^^^^^^^^^^^^
     |
     = note: to rerun: `cargo flux check -p xarxa --only-check='def:wire::dhcpv4::Repr::<'\''a>::parse_ref'`

error[E0999]: refinement type error
    --> src/wire/dhcpv4.rs:1299:9
     |
1299 |         Self { repr, blen }
     |         ^^^^^^^^^^^^^^^^^^^ a precondition cannot be proved
     |
note: this is the condition that cannot be proved
    --> src/wire/dhcpv4.rs:1288:35
     |
1288 | #[flux_rs::invariant(0 <= blen && blen <= 65527)]
     |                                   ^^^^^^^^^^^^^
     = note: to rerun: `cargo flux check -p xarxa --only-check='def:wire::dhcpv4::SizedRepr::<'\''a>::new'`

error[E0999]: call to core[a8c6]::result::{impl#28}::from_residual may panic: MightPanic(UnresolvedCall(DefId(1:3580 ~ core[a8c6]::convert::From::from)))
   --> src/wire/ethernet.rs:232:9
    |
232 |         packet.check_len()?;
    |         ^^^^^^^^^^^^^^^^^^^
    |
    = note: to rerun: `cargo flux check -p xarxa --only-check='def:wire::ethernet::Frame::<T>::new_checked'`

error[E0999]: call to core[a8c6]::panicking::panic may panic: MightPanic(NoMIRAvailable)
   --> src/wire/ethernet.rs:632:9
    |
632 |         assert!(frame.buffer.as_mut().len() >= self.buffer_len());
    |         ^^^^^^^^^^^^^^^^^^^^^^^^^^^^^^^^^^^^^^^^^^^^^^^^^^^^^^^^^
    |
    = note: to rerun: `cargo flux check -p xarxa --only-check='def:wire::ethernet::Repr::emit'`

error[E0999]: call to core[a8c6]::result::{impl#28}::from_residual may panic: MightPanic(UnresolvedCall(DefId(1:3580 ~ core[a8c6]::convert::From::from)))
   --> src/wire/icmpv4.rs:213:9
    |
213 |         packet.check_len()?;
    |         ^^^^^^^^^^^^^^^^^^^
    |
    = note: to rerun: `cargo flux check -p xarxa --only-check='def:wire::icmpv4::Packet::<T>::new_checked'`

error[E0999]: call to core[a8c6]::result::{impl#28}::from_residual may panic: MightPanic(UnresolvedCall(DefId(1:3580 ~ core[a8c6]::convert::From::from)))
   --> src/wire/icmpv6.rs:310:9
    |
310 |         packet.check_len()?;
    |         ^^^^^^^^^^^^^^^^^^^
    |
    = note: to rerun: `cargo flux check -p xarxa --only-check='def:wire::icmpv6::Packet::<T>::new_checked'`

error[E0999]: call to core[a8c6]::result::{impl#28}::from_residual may panic: MightPanic(UnresolvedCall(DefId(1:3580 ~ core[a8c6]::convert::From::from)))
  --> src/wire/igmp.rs:73:9
   |
73 |         packet.check_len()?;
   |         ^^^^^^^^^^^^^^^^^^^
   |
   = note: to rerun: `cargo flux check -p xarxa --only-check='def:wire::igmp::Packet::<T>::new_checked'`

error[E0999]: call to core[a8c6]::convert::Into::into may panic: MightPanic(NotInCallGraph)
   --> src/wire/ip.rs:462:19
    |
462 |             addr: addr.into(),
    |                   ^^^^^^^^^^^
    |
    = note: to rerun: `cargo flux check -p xarxa --only-check='def:<wire::ip::Endpoint as core::convert::From<(T, u16)>>::from'`

error[E0999]: call to core[a8c6]::convert::Into::into may panic: MightPanic(NotInCallGraph)
   --> src/wire/ip.rs:613:35
    |
613 |         ListenEndpoint::with_addr(addr.into(), port)
    |                                   ^^^^^^^^^^^
    |
    = note: to rerun: `cargo flux check -p xarxa --only-check='def:<wire::ip::ListenEndpoint as core::convert::From<(T, u16)>>::from'`

error[E0999]: call to core[a8c6]::result::{impl#28}::from_residual may panic: MightPanic(UnresolvedCall(DefId(1:3580 ~ core[a8c6]::convert::From::from)))
   --> src/wire/ip.rs:684:9
    |
684 |         packet.check_len()?;
    |         ^^^^^^^^^^^^^^^^^^^
    |
    = note: to rerun: `cargo flux check -p xarxa --only-check='def:wire::ip::Packet::<T>::new_checked'`

error[E0999]: call to core[a8c6]::panicking::panic may panic: MightPanic(NoMIRAvailable)
    --> src/wire/ip.rs:1083:18
     |
1083 |             _ => unreachable!(),
     |                  ^^^^^^^^^^^^^^
     |
     = note: to rerun: `cargo flux check -p xarxa --only-check='def:wire::ip::checksum::pseudo_header'`

error[E0999]: call to core[a8c6]::fmt::{impl#12}::write_fmt may panic: MightPanic(Transitive)
    --> src/wire/ip.rs:1097:17
     |
1097 |                 write!(f, " (checksum incorrect)")
     |                 ^^^^^^^^^^^^^^^^^^^^^^^^^^^^^^^^^^
     |
     = note: to rerun: `cargo flux check -p xarxa --only-check='def:wire::ip::checksum::format_checksum'`

error[E0999]: call to core[a8c6]::fmt::{impl#12}::write_fmt may panic: MightPanic(Transitive)
    --> src/wire/ip.rs:1095:17
     |
1095 |                 write!(f, " (partial checksum correct)")
     |                 ^^^^^^^^^^^^^^^^^^^^^^^^^^^^^^^^^^^^^^^^
     |
     = note: to rerun: `cargo flux check -p xarxa --only-check='def:wire::ip::checksum::format_checksum'`

error[E0999]: call to core[a8c6]::iter::range::{impl#6}::next may panic: MightPanic(Transitive)
  --> src/wire/ipv4.rs:67:22
   |
67 |             for _ in 0..8 {
   |                      ^^^^
   |
   = note: to rerun: `cargo flux check -p xarxa --only-check='def:<core::net::Ipv4Addr as wire::ipv4::AddressExt>::prefix_len'`

error[E0999]: call to core[a8c6]::array::iter::{impl#4}::next may panic: MightPanic(Transitive)
  --> src/wire/ipv4.rs:65:21
   |
65 |         for byte in self.octets() {
   |                     ^^^^^^^^^^^^^
   |
   = note: to rerun: `cargo flux check -p xarxa --only-check='def:<core::net::Ipv4Addr as wire::ipv4::AddressExt>::prefix_len'`

error[E0999]: call to core[a8c6]::panicking::panic may panic: MightPanic(NoMIRAvailable)
   --> src/wire/ipv4.rs:101:9
    |
101 |         assert!(prefix_len <= 32);
    |         ^^^^^^^^^^^^^^^^^^^^^^^^^
    |
    = note: to rerun: `cargo flux check -p xarxa --only-check='def:wire::ipv4::Cidr::new'`

error[E0999]: call to core[a8c6]::array::equality::{impl#2}::eq may panic: MightPanic(Transitive)
   --> src/wire/ipv6.rs:165:9
    |
165 |         self.octets()[0..8] == [0xfe, 0x80, 0x00, 0x00, 0x00, 0x00, 0x00, 0x00]
    |         ^^^^^^^^^^^^^^^^^^^^^^^^^^^^^^^^^^^^^^^^^^^^^^^^^^^^^^^^^^^^^^^^^^^^^^^
    |
    = note: to rerun: `cargo flux check -p xarxa --only-check='def:<core::net::Ipv6Addr as wire::ipv6::AddressExt>::is_link_local'`

error[E0999]: call to core[a8c6]::panicking::panic may panic: MightPanic(NoMIRAvailable)
   --> src/wire/ipv6.rs:169:9
    |
169 |         assert!(mask <= 128);
    |         ^^^^^^^^^^^^^^^^^^^^
    |
    = note: to rerun: `cargo flux check -p xarxa --only-check='def:<core::net::Ipv6Addr as wire::ipv6::AddressExt>::mask'`

error[E0999]: call to core[a8c6]::panicking::panic may panic: MightPanic(NoMIRAvailable)
   --> src/wire/ipv6.rs:187:9
    |
187 |         assert!(self.x_is_unicast());
    |         ^^^^^^^^^^^^^^^^^^^^^^^^^^^^
    |
    = note: to rerun: `cargo flux check -p xarxa --only-check='def:<core::net::Ipv6Addr as wire::ipv6::AddressExt>::solicited_node'`

error[E0999]: call to core[a8c6]::array::equality::{impl#2}::eq may panic: MightPanic(Transitive)
   --> src/wire/ipv6.rs:212:9
    |
212 | /         self.octets()[0..13]
213 | |             == [
214 | |                 0xff, 0x02, 0x00, 0x00, 0x00, 0x00, 0x00, 0x00, 0x00, 0x00, 0x00, 0x01, 0xFF,
215 | |             ]
    | |_____________^
    |
    = note: to rerun: `cargo flux check -p xarxa --only-check='def:<core::net::Ipv6Addr as wire::ipv6::AddressExt>::is_solicited_node_multicast'`

error[E0999]: call to core[a8c6]::array::iter::{impl#4}::next may panic: MightPanic(Transitive)
   --> src/wire/ipv6.rs:221:21
    |
221 |         for byte in self.octets() {
    |                     ^^^^^^^^^^^^^
    |
    = note: to rerun: `cargo flux check -p xarxa --only-check='def:<core::net::Ipv6Addr as wire::ipv6::AddressExt>::prefix_len'`

error[E0999]: call to core[a8c6]::iter::range::{impl#6}::next may panic: MightPanic(Transitive)
   --> src/wire/ipv6.rs:223:22
    |
223 |             for _ in 0..8 {
    |                      ^^^^
    |
    = note: to rerun: `cargo flux check -p xarxa --only-check='def:<core::net::Ipv6Addr as wire::ipv6::AddressExt>::prefix_len'`

error[E0999]: call to core[a8c6]::panicking::panic may panic: MightPanic(NoMIRAvailable)
   --> src/wire/ipv6.rs:271:9
    |
271 |         assert!(prefix_len <= 128);
    |         ^^^^^^^^^^^^^^^^^^^^^^^^^^
    |
    = note: to rerun: `cargo flux check -p xarxa --only-check='def:wire::ipv6::Cidr::new'`

error[E0999]: call to core[a8c6]::option::{impl#0}::map may panic: MightPanic(Transitive)
   --> src/wire/ipv6.rs:283:9
    |
283 | /         Address::from_link_prefix(link_prefix, interface_identifier)
284 | |             .map(|address| Self::new(address, link_prefix.prefix_len()))
    | |________________________________________________________________________^
    |
    = note: to rerun: `cargo flux check -p xarxa --only-check='def:wire::ipv6::Cidr::from_link_prefix'`

error[E0999]: call to core[a8c6]::array::equality::{impl#0}::eq may panic: MightPanic(Transitive)
   --> src/wire/ipv6.rs:305:9
    |
305 |         self.address.mask(self.prefix_len) == addr.mask(self.prefix_len)
    |         ^^^^^^^^^^^^^^^^^^^^^^^^^^^^^^^^^^^^^^^^^^^^^^^^^^^^^^^^^^^^^^^^
    |
    = note: to rerun: `cargo flux check -p xarxa --only-check='def:wire::ipv6::Cidr::contains_addr'`

error[E0999]: call to core[a8c6]::result::{impl#28}::from_residual may panic: MightPanic(UnresolvedCall(DefId(1:3580 ~ core[a8c6]::convert::From::from)))
   --> src/wire/ipv6.rs:444:9
    |
444 |         packet.check_len()?;
    |         ^^^^^^^^^^^^^^^^^^^
    |
    = note: to rerun: `cargo flux check -p xarxa --only-check='def:wire::ipv6::Packet::<T>::new_checked'`

error[E0999]: call to core[a8c6]::result::{impl#28}::from_residual may panic: MightPanic(UnresolvedCall(DefId(1:3580 ~ core[a8c6]::convert::From::from)))
   --> src/wire/ipv6ext_header.rs:128:9
    |
128 |         header.check_len()?;
    |         ^^^^^^^^^^^^^^^^^^^
    |
    = note: to rerun: `cargo flux check -p xarxa --only-check='def:wire::ipv6ext_header::Header::<T>::new_checked'`

error[E0999]: call to core[a8c6]::result::{impl#28}::from_residual may panic: MightPanic(UnresolvedCall(DefId(1:3580 ~ core[a8c6]::convert::From::from)))
  --> src/wire/ipv6fragment.rs:52:9
   |
52 |         header.check_len()?;
   |         ^^^^^^^^^^^^^^^^^^^
   |
   = note: to rerun: `cargo flux check -p xarxa --only-check='def:wire::ipv6fragment::Header::<T>::new_checked'`

error[E0999]: call to core[a8c6]::result::{impl#28}::from_residual may panic: MightPanic(UnresolvedCall(DefId(1:3580 ~ core[a8c6]::convert::From::from)))
  --> src/wire/ipv6hbh.rs:27:9
   |
27 |         header.check_len()?;
   |         ^^^^^^^^^^^^^^^^^^^
   |
   = note: to rerun: `cargo flux check -p xarxa --only-check='def:wire::ipv6hbh::Header::<T>::new_checked'`

error[E0999]: call to core[a8c6]::panicking::panic may panic: MightPanic(NoMIRAvailable)
  --> src/wire/ipv6option.rs:78:18
   |
78 |             _ => unreachable!(),
   |                  ^^^^^^^^^^^^^^
   |
   = note: to rerun: `cargo flux check -p xarxa --only-check='def:<wire::ipv6option::FailureType as core::convert::From<u8>>::from'`

error[E0999]: call to core[a8c6]::result::{impl#28}::from_residual may panic: MightPanic(UnresolvedCall(DefId(1:3580 ~ core[a8c6]::convert::From::from)))
   --> src/wire/ipv6option.rs:217:9
    |
217 |         opt.check_len()?;
    |         ^^^^^^^^^^^^^^^^
    |
    = note: to rerun: `cargo flux check -p xarxa --only-check='def:wire::ipv6option::Ipv6Option::<T>::new_checked'`

error[E0999]: call to core[a8c6]::result::{impl#28}::from_residual may panic: MightPanic(UnresolvedCall(DefId(1:3580 ~ core[a8c6]::convert::From::from)))
   --> src/wire/ipv6routing.rs:208:9
    |
208 |         header.check_len()?;
    |         ^^^^^^^^^^^^^^^^^^^
    |
    = note: to rerun: `cargo flux check -p xarxa --only-check='def:wire::ipv6routing::Header::<T>::new_checked'`

error[E0999]: call to core[a8c6]::result::{impl#28}::from_residual may panic: MightPanic(UnresolvedCall(DefId(1:3580 ~ core[a8c6]::convert::From::from)))
   --> src/wire/mld.rs:309:9
    |
309 |         packet.check_len()?;
    |         ^^^^^^^^^^^^^^^^^^^
    |
    = note: to rerun: `cargo flux check -p xarxa --only-check='def:wire::mld::AddressRecord::<T>::new_checked'`

error[E0999]: call to core[a8c6]::result::{impl#28}::from_residual may panic: MightPanic(UnresolvedCall(DefId(1:3580 ~ core[a8c6]::convert::From::from)))
   --> src/wire/ndiscoption.rs:238:9
    |
238 |         opt.checked_len()?;
    |         ^^^^^^^^^^^^^^^^^^
    |
    = note: to rerun: `cargo flux check -p xarxa --only-check='def:wire::ndiscoption::NdiscOption::<T>::new_checked'`

error[E0999]: call to core[a8c6]::result::{impl#28}::from_residual may panic: MightPanic(UnresolvedCall(DefId(1:3580 ~ core[a8c6]::convert::From::from)))
   --> src/wire/tcp.rs:434:9
    |
434 |         packet.check_len()?;
    |         ^^^^^^^^^^^^^^^^^^^
    |
    = note: to rerun: `cargo flux check -p xarxa --only-check='def:wire::tcp::Packet::<T>::new_checked'`

error[E0999]: call to core[a8c6]::panicking::panic may panic: MightPanic(NoMIRAvailable)
    --> src/wire/tcp.rs:1376:66
     |
1376 |                     (field::OPT_END, _) | (field::OPT_NOP, _) => unreachable!(),
     |                                                                  ^^^^^^^^^^^^^^
     |
     = note: to rerun: `cargo flux check -p xarxa --only-check='def:wire::tcp::TcpOption::<'\''a>::parse'`

error[E0999]: call to core[a8c6]::result::{impl#28}::from_residual may panic: MightPanic(UnresolvedCall(DefId(1:3580 ~ core[a8c6]::convert::From::from)))
   --> src/wire/udp.rs:110:9
    |
110 |         packet.check_len()?;
    |         ^^^^^^^^^^^^^^^^^^^
    |
    = note: to rerun: `cargo flux check -p xarxa --only-check='def:wire::udp::Packet::<T>::new_checked'`

error[E0999]: call to core[a8c6]::array::equality::{impl#2}::eq may panic: MightPanic(Transitive)
   --> src/parsers.rs:245:59
    |
245 |                 if *tail_idx == 1 && tail[0] == 0xffff && head[0..8] == [0, 0, 0, 0, 0, 0, 0, 0] {
    |                                                           ^^^^^^^^^^^^^^^^^^^^^^^^^^^^^^^^^^^^^^
    |
    = note: to rerun: `cargo flux check -p xarxa --only-check='def:parsers::Parser::<'\''a>::accept_ipv6_part'`

error[E0999]: call to core[a8c6]::array::equality::{impl#2}::eq may panic: MightPanic(Transitive)
   --> src/parsers.rs:219:35
    |
219 |                 if filled == 6 && head[0..filled] == [0, 0, 0, 0, 0, 0xffff] {
    |                                   ^^^^^^^^^^^^^^^^^^^^^^^^^^^^^^^^^^^^^^^^^^
    |
    = note: to rerun: `cargo flux check -p xarxa --only-check='def:parsers::Parser::<'\''a>::accept_ipv6_part'`

error[E0999]: call to core[a8c6]::ops::function::FnOnce::call_once may panic: MightPanic(NotInCallGraph)
  --> src/iface/interface/ethernet.rs:72:9
   |
72 |         f(frame)
   |         ^^^^^^^^
   |
   = note: to rerun: `cargo flux check -p xarxa --only-check='def:iface::interface::ethernet::<impl iface::interface::InterfaceInner>::call_with_frame'`

error[E0999]: call to core[a8c6]::panicking::panic may panic: MightPanic(NoMIRAvailable)
   --> src/iface/interface/ethernet.rs:109:13
    |
109 |             debug_assert!(tx_buffer.as_ref().len() == tx_len);
    |             ^^^^^^^^^^^^^^^^^^^^^^^^^^^^^^^^^^^^^^^^^^^^^^^^^
    |
    = note: to rerun: `cargo flux check -p xarxa --only-check='def:iface::interface::ethernet::<impl iface::interface::InterfaceInner>::dispatch_ethernet'`

error[E0999]: call to xarxa_driver[4575]::TxToken::consume may panic: MightPanic(NotInCallGraph)
   --> src/iface/interface/ethernet.rs:108:9
    |
108 | /         tx_token.consume(tx_len, |tx_buffer| {
109 | |             debug_assert!(tx_buffer.as_ref().len() == tx_len);
110 | |             let mut frame = EthernetFrame::new_unchecked(Buf::new(tx_buffer));
...   |
115 | |             Self::call_with_frame(frame, f);
116 | |         });
    | |__________^
    |
    = note: to rerun: `cargo flux check -p xarxa --only-check='def:iface::interface::ethernet::<impl iface::interface::InterfaceInner>::dispatch_ethernet'`

error[E0999]: call to core[a8c6]::iter::traits::iterator::Iterator::find_map may panic: MightPanic(NotInCallGraph)
   --> src/iface/interface/ipv4.rs:180:44
    |
180 |                   if let Some(dhcp_socket) = sockets
    |  ____________________________________________^
181 | |                     .items_mut()
182 | |                     .find_map(|i| Dhcpv4Socket::downcast_mut(&mut i.socket))
    | |____________________________________________________________________________^
    |
    = note: to rerun: `cargo flux check -p xarxa --only-check='def:iface::interface::ipv4::<impl iface::interface::InterfaceInner>::process_ipv4'`

error[E0999]: call to core[a8c6]::option::{impl#0}::is_none_or may panic: MightPanic(Transitive)
   --> src/iface/interface/ipv4.rs:216:16
    |
216 |               if self
    |  ________________^
217 | |                 .routes
218 | |                 .lookup(&IpAddress::Ipv4(ipv4_repr.dst_addr), self.now)
219 | |                 .is_none_or(|router_addr| !self.has_ip_addr(router_addr))
    | |_________________________________________________________________________^
    |
    = note: to rerun: `cargo flux check -p xarxa --only-check='def:iface::interface::ipv4::<impl iface::interface::InterfaceInner>::process_ipv4'`

error[E0999]: call to core[a8c6]::option::{impl#0}::is_none_or may panic: MightPanic(Transitive)
   --> src/iface/interface/ipv6.rs:245:16
    |
245 |               if self
    |  ________________^
246 | |                 .routes
247 | |                 .lookup(&IpAddress::Ipv6(ipv6_repr.dst_addr), self.now)
248 | |                 .is_none_or(|router_addr| !self.has_ip_addr(router_addr))
    | |_________________________________________________________________________^
    |
    = note: to rerun: `cargo flux check -p xarxa --only-check='def:iface::interface::ipv6::<impl iface::interface::InterfaceInner>::process_ipv6'`

error[E0999]: call to core[a8c6]::iter::adapters::filter_map::{impl#2}::next may panic: MightPanic(UnresolvedCall(DefId(1:9984 ~ core[a8c6]::iter::traits::iterator::Iterator::find_map)))
  --> src/iface/interface/tcp.rs:45:27
   |
45 |           for tcp_socket in sockets
   |  ___________________________^
46 | |             .items_mut()
47 | |             .filter_map(|i| Socket::downcast_mut(&mut i.socket))
   | |________________________________________________________________^
   |
   = note: to rerun: `cargo flux check -p xarxa --only-check='def:iface::interface::tcp::<impl iface::interface::InterfaceInner>::process_tcp'`

error[E0999]: call to core[a8c6]::iter::traits::iterator::Iterator::filter_map may panic: MightPanic(NotInCallGraph)
  --> src/iface/interface/tcp.rs:45:27
   |
45 |           for tcp_socket in sockets
   |  ___________________________^
46 | |             .items_mut()
47 | |             .filter_map(|i| Socket::downcast_mut(&mut i.socket))
   | |________________________________________________________________^
   |
   = note: to rerun: `cargo flux check -p xarxa --only-check='def:iface::interface::tcp::<impl iface::interface::InterfaceInner>::process_tcp'`

error[E0999]: call to core[a8c6]::panicking::panic may panic: MightPanic(NoMIRAvailable)
   --> src/iface/interface/mod.rs:333:9
    |
333 |         assert!(self.inner.medium == Medium::Ethernet);
    |         ^^^^^^^^^^^^^^^^^^^^^^^^^^^^^^^^^^^^^^^^^^^^^^
    |
    = note: to rerun: `cargo flux check -p xarxa --only-check='def:iface::interface::Interface::set_hardware_addr'`

error[E0999]: call to core[a8c6]::option::{impl#0}::expect may panic: MightPanic(Transitive)
   --> src/iface/interface/mod.rs:735:25
    |
735 |                         neighbor_addr.expect("non-IP response packet"),
    |                         ^^^^^^^^^^^^^^^^^^^^^^^^^^^^^^^^^^^^^^^^^^^^^^
    |
    = note: to rerun: `cargo flux check -p xarxa --only-check='def:iface::interface::Interface::socket_egress'`

error[E0999]: call to core[a8c6]::iter::traits::iterator::Iterator::next may panic: MightPanic(NotInCallGraph)
   --> src/iface/interface/mod.rs:713:21
    |
713 |         for item in sockets.items_mut() {
    |                     ^^^^^^^^^^^^^^^^^^^
    |
    = note: to rerun: `cargo flux check -p xarxa --only-check='def:iface::interface::Interface::socket_egress'`

error[E0999]: call to xarxa_driver[4575]::{impl#3}::capabilities may panic: MightPanic(UnresolvedCall(DefId(7:17 ~ xarxa_driver[4575]::Device::capabilities)))
   --> src/iface/interface/mod.rs:752:9
    |
752 |         device.capabilities()
    |         ^^^^^^^^^^^^^^^^^^^^^
    |
    = note: to rerun: `cargo flux check -p xarxa --only-check='def:iface::interface::Interface::device_caps'`

error[E0999]: call to xarxa_driver[4575]::TxToken::consume may panic: MightPanic(NotInCallGraph)
    --> src/iface/interface/mod.rs:1598:21
     |
1598 | /                     tx_token.consume(total_len, |tx_buffer| {
1599 | |                         #[cfg(feature = "medium-ethernet")]
1600 | |                         if eth_len > 0 {
1601 | |                             Self::emit_ethernet_into(
...    |
1615 | |                         );
1616 | |                     });
     | |______________________^
     |
     = note: to rerun: `cargo flux check -p xarxa --only-check='def:iface::interface::InterfaceInner::dispatch_ip'`

error[E0999]: call to xarxa_driver[4575]::TxToken::consume may panic: MightPanic(NotInCallGraph)
    --> src/iface/interface/mod.rs:1567:21
     |
1567 | /                     tx_token.consume(total_len, |tx_buffer| {
1568 | |                         #[cfg(feature = "medium-ethernet")]
1569 | |                         if eth_len > 0 {
1570 | |                             Self::emit_ethernet_into(
...    |
1584 | |                         );
1585 | |                     });
     | |______________________^
     |
     = note: to rerun: `cargo flux check -p xarxa --only-check='def:iface::interface::InterfaceInner::dispatch_ip'`

error[E0999]: call to core[a8c6]::panicking::panic may panic: MightPanic(NoMIRAvailable)
    --> src/iface/interface/mod.rs:1410:9
     |
1410 |         assert!(!ip_repr.dst_addr().is_unspecified());
     |         ^^^^^^^^^^^^^^^^^^^^^^^^^^^^^^^^^^^^^^^^^^^^^
     |
     = note: to rerun: `cargo flux check -p xarxa --only-check='def:iface::interface::InterfaceInner::dispatch_ip'`

error[E0999]: call to xarxa_driver[4575]::TxToken::set_meta may panic: MightPanic(NotInCallGraph)
    --> src/iface/interface/mod.rs:1564:21
     |
1564 |                     tx_token.set_meta(meta);
     |                     ^^^^^^^^^^^^^^^^^^^^^^^
     |
     = note: to rerun: `cargo flux check -p xarxa --only-check='def:iface::interface::InterfaceInner::dispatch_ip'`

error[E0999]: call to core[a8c6]::panicking::panic_fmt may panic: MightPanic(NoMIRAvailable)
   --> src/iface/socket_set.rs:142:21
    |
142 |             None => panic!("handle does not refer to a valid socket"),
    |                     ^^^^^^^^^^^^^^^^^^^^^^^^^^^^^^^^^^^^^^^^^^^^^^^^^
    |
    = note: to rerun: `cargo flux check -p xarxa --only-check='def:iface::socket_set::SocketSet::<'\''a>::get'`

error[E0999]: call to core[a8c6]::option::{impl#0}::expect may panic: MightPanic(Transitive)
   --> src/iface/socket_set.rs:140:17
    |
140 |                 T::downcast(&item.socket).expect("handle refers to a socket of a wrong type")
    |                 ^^^^^^^^^^^^^^^^^^^^^^^^^^^^^^^^^^^^^^^^^^^^^^^^^^^^^^^^^^^^^^^^^^^^^^^^^^^^^
    |
    = note: to rerun: `cargo flux check -p xarxa --only-check='def:iface::socket_set::SocketSet::<'\''a>::get'`

error[E0999]: call to core[a8c6]::panicking::panic_fmt may panic: MightPanic(NoMIRAvailable)
   --> src/iface/socket_set.rs:159:21
    |
159 |             None => panic!("handle does not refer to a valid socket"),
    |                     ^^^^^^^^^^^^^^^^^^^^^^^^^^^^^^^^^^^^^^^^^^^^^^^^^
    |
    = note: to rerun: `cargo flux check -p xarxa --only-check='def:iface::socket_set::SocketSet::<'\''a>::get_mut'`

error[E0999]: call to core[a8c6]::option::{impl#0}::expect may panic: MightPanic(Transitive)
   --> src/iface/socket_set.rs:157:27
    |
157 |               Some(item) => T::downcast_mut(&mut item.socket)
    |  ___________________________^
158 | |                 .expect("handle refers to a socket of a wrong type"),
    | |____________________________________________________________________^
    |
    = note: to rerun: `cargo flux check -p xarxa --only-check='def:iface::socket_set::SocketSet::<'\''a>::get_mut'`

error[E0999]: call to core[a8c6]::panicking::panic_fmt may panic: MightPanic(NoMIRAvailable)
   --> src/iface/socket_set.rs:176:21
    |
176 |             None => panic!("handle does not refer to a valid socket"),
    |                     ^^^^^^^^^^^^^^^^^^^^^^^^^^^^^^^^^^^^^^^^^^^^^^^^^
    |
    = note: to rerun: `cargo flux check -p xarxa --only-check='def:iface::socket_set::SocketSet::<'\''a>::remove'`

error[E0999]: refinement type error
    --> src/iface/packet.rs:267:17
     |
 267 | /                 dhcp_repr
 268 | |                     .emit(&mut DhcpPacket::new_unchecked(udp_packet.payload_buf()))
     | |___________________________________________________________________________________^ a precondition cannot be proved
     |
note: this is the condition that cannot be proved
    --> src/wire/dhcpv4.rs:1317:18
     |
1317 |         requires 240 <= <T as AsMut<[u8]>>::as_mut_reft(p.buffer)
     |                  ^^^^^^^^^^^^^^^^^^^^^^^^^^^^^^^^^^^^^^^^^^^^^^^^
     = note: to rerun: `cargo flux check -p xarxa --only-check='def:iface::packet::Packet::<'\''p>::emit_payload'`

error[E0999]: call to core[a8c6]::result::{impl#0}::unwrap may panic: MightPanic(Transitive)
   --> src/iface/packet.rs:267:17
    |
267 | /                 dhcp_repr
268 | |                     .emit(&mut DhcpPacket::new_unchecked(udp_packet.payload_buf()))
269 | |                     .unwrap();
    | |_____________________________^
    |
    = note: to rerun: `cargo flux check -p xarxa --only-check='def:iface::packet::Packet::<'\''p>::emit_payload'`

error[E0999]: call to core[a8c6]::panicking::panic may panic: MightPanic(NoMIRAvailable)
   --> src/iface/packet.rs:154:40
    |
154 |                     IpRepr::Ipv4(_) => unreachable!(),
    |                                        ^^^^^^^^^^^^^^
    |
    = note: to rerun: `cargo flux check -p xarxa --only-check='def:iface::packet::Packet::<'\''p>::emit_payload'`

error[E0999]: call to core[a8c6]::panicking::panic may panic: MightPanic(NoMIRAvailable)
   --> src/iface/packet.rs:172:40
    |
172 |                     IpRepr::Ipv4(_) => unreachable!(),
    |                                        ^^^^^^^^^^^^^^
    |
    = note: to rerun: `cargo flux check -p xarxa --only-check='def:iface::packet::Packet::<'\''p>::emit_payload'`

error[E0999]: call to xarxa_driver[4575]::TxToken::consume may panic: MightPanic(NotInCallGraph)
   --> src/phy/pcap_writer.rs:268:9
    |
268 | /         self.token.consume(len, |buffer| {
269 | |             let result = phy::call_with_buf(buffer, f);
270 | |             match self.mode {
271 | |                 PcapMode::Both | PcapMode::TxOnly => {
...   |
276 | |             result
277 | |         })
    | |__________^
    |
    = note: to rerun: `cargo flux check -p xarxa --only-check='def:<phy::pcap_writer::TxToken<'\''a, Tx, S> as xarxa_driver::TxToken>::consume'`

error[E0999]: call to core[a8c6]::cell::{impl#28}::borrow_mut may panic: MightPanic(Transitive)
   --> src/phy/pcap_writer.rs:272:21
    |
272 |                     self.sink.borrow_mut().packet((self.clock)(), buffer)
    |                     ^^^^^^^^^^^^^^^^^^^^^^
    |
    = note: to rerun: `cargo flux check -p xarxa --only-check='def:<phy::pcap_writer::TxToken<'\''a, Tx, S> as xarxa_driver::TxToken>::consume'`

error[E0999]: call to xarxa_driver[4575]::TxToken::consume may panic: MightPanic(NotInCallGraph)
   --> src/phy/tracer.rs:134:9
    |
134 | /         self.token.consume(len, |buffer| {
135 | |             let result = phy::call_with_buf(buffer, f);
136 | |             (self.writer)(TracerPacket {
137 | |                 buffer,
...   |
141 | |             result
142 | |         })
    | |__________^
    |
    = note: to rerun: `cargo flux check -p xarxa --only-check='def:<phy::tracer::TxToken<Tx> as xarxa_driver::TxToken>::consume'`

error[E0999]: call to core[a8c6]::ops::function::FnOnce::call_once may panic: MightPanic(NotInCallGraph)
   --> src/phy/mod.rs:152:5
    |
152 |     f(buffer)
    |     ^^^^^^^^^
    |
    = note: to rerun: `cargo flux check -p xarxa --only-check='def:phy::call_with_buf'`

error[E0999]: call to core[a8c6]::ops::function::FnOnce::call_once may panic: MightPanic(NotInCallGraph)
   --> src/socket/dhcpv4.rs:715:17
    |
715 |                 emit(cx, (ipv4_repr, udp_repr, dhcp_repr))?;
    |                 ^^^^^^^^^^^^^^^^^^^^^^^^^^^^^^^^^^^^^^^^^^
    |
    = note: to rerun: `cargo flux check -p xarxa --only-check='def:socket::dhcpv4::Socket::<'\''a>::dispatch'`

error[E0999]: call to core[a8c6]::ops::function::FnOnce::call_once may panic: MightPanic(NotInCallGraph)
   --> src/socket/dhcpv4.rs:648:17
    |
648 |                 emit(cx, (ipv4_repr, udp_repr, dhcp_repr))?;
    |                 ^^^^^^^^^^^^^^^^^^^^^^^^^^^^^^^^^^^^^^^^^^
    |
    = note: to rerun: `cargo flux check -p xarxa --only-check='def:socket::dhcpv4::Socket::<'\''a>::dispatch'`

error[E0999]: call to core[a8c6]::result::{impl#28}::from_residual may panic: MightPanic(UnresolvedCall(DefId(1:3580 ~ core[a8c6]::convert::From::from)))
   --> src/socket/dhcpv4.rs:715:17
    |
715 |                 emit(cx, (ipv4_repr, udp_repr, dhcp_repr))?;
    |                 ^^^^^^^^^^^^^^^^^^^^^^^^^^^^^^^^^^^^^^^^^^^
    |
    = note: to rerun: `cargo flux check -p xarxa --only-check='def:socket::dhcpv4::Socket::<'\''a>::dispatch'`

error[E0999]: call to core[a8c6]::result::{impl#28}::from_residual may panic: MightPanic(UnresolvedCall(DefId(1:3580 ~ core[a8c6]::convert::From::from)))
   --> src/socket/dhcpv4.rs:648:17
    |
648 |                 emit(cx, (ipv4_repr, udp_repr, dhcp_repr))?;
    |                 ^^^^^^^^^^^^^^^^^^^^^^^^^^^^^^^^^^^^^^^^^^^
    |
    = note: to rerun: `cargo flux check -p xarxa --only-check='def:socket::dhcpv4::Socket::<'\''a>::dispatch'`

error[E0999]: call to core[a8c6]::ops::function::FnOnce::call_once may panic: MightPanic(NotInCallGraph)
   --> src/socket/dhcpv4.rs:677:17
    |
677 |                 emit(cx, (ipv4_repr, udp_repr, dhcp_repr))?;
    |                 ^^^^^^^^^^^^^^^^^^^^^^^^^^^^^^^^^^^^^^^^^^
    |
    = note: to rerun: `cargo flux check -p xarxa --only-check='def:socket::dhcpv4::Socket::<'\''a>::dispatch'`

error[E0999]: call to core[a8c6]::result::{impl#28}::from_residual may panic: MightPanic(UnresolvedCall(DefId(1:3580 ~ core[a8c6]::convert::From::from)))
   --> src/socket/dhcpv4.rs:677:17
    |
677 |                 emit(cx, (ipv4_repr, udp_repr, dhcp_repr))?;
    |                 ^^^^^^^^^^^^^^^^^^^^^^^^^^^^^^^^^^^^^^^^^^^
    |
    = note: to rerun: `cargo flux check -p xarxa --only-check='def:socket::dhcpv4::Socket::<'\''a>::dispatch'`

error[E0999]: call to core[a8c6]::convert::Into::into may panic: MightPanic(NotInCallGraph)
    --> src/socket/tcp.rs:1047:48
     |
1047 |         let local_endpoint: IpListenEndpoint = local_endpoint.into();
     |                                                ^^^^^^^^^^^^^^^^^^^^^
     |
     = note: to rerun: `cargo flux check -p xarxa --only-check='def:socket::tcp::Socket::<'\''a>::connect'`

error[E0999]: call to core[a8c6]::convert::Into::into may panic: MightPanic(NotInCallGraph)
    --> src/socket/tcp.rs:1046:43
     |
1046 |         let remote_endpoint: IpEndpoint = remote_endpoint.into();
     |                                           ^^^^^^^^^^^^^^^^^^^^^^
     |
     = note: to rerun: `cargo flux check -p xarxa --only-check='def:socket::tcp::Socket::<'\''a>::connect'`

error[E0999]: call to core[a8c6]::panicking::panic may panic: MightPanic(NoMIRAvailable)
    --> src/socket/tcp.rs:1501:9
     |
1501 |         debug_assert!(repr.control != TcpControl::Rst);
     |         ^^^^^^^^^^^^^^^^^^^^^^^^^^^^^^^^^^^^^^^^^^^^^^
     |
     = note: to rerun: `cargo flux check -p xarxa --only-check='def:socket::tcp::Socket::<'\''a>::rst_reply'`

error[E0999]: call to core[a8c6]::cmp::PartialEq::ne may panic: MightPanic(Transitive)
    --> src/socket/tcp.rs:1501:23
     |
1501 |         debug_assert!(repr.control != TcpControl::Rst);
     |                       ^^^^^^^^^^^^^^^^^^^^^^^^^^^^^^^
     |
     = note: to rerun: `cargo flux check -p xarxa --only-check='def:socket::tcp::Socket::<'\''a>::rst_reply'`

error[E0999]: call to core[a8c6]::iter::traits::iterator::Iterator::map may panic: MightPanic(NotInCallGraph)
    --> src/socket/tcp.rs:1565:21
     |
1565 | /                     self.assembler
1566 | |                         .iter_data()
1567 | |                         .map(|(left, right)| (ack + left, ack + right))
     | |_______________________________________________________________________^
     |
     = note: to rerun: `cargo flux check -p xarxa --only-check='def:socket::tcp::Socket::<'\''a>::ack_reply'`

error[E0999]: call to core[a8c6]::iter::traits::iterator::Iterator::find may panic: MightPanic(Transitive)
    --> src/socket/tcp.rs:1565:21
     |
1565 | /                     self.assembler
1566 | |                         .iter_data()
1567 | |                         .map(|(left, right)| (ack + left, ack + right))
1568 | |                         .find(|&(left, right)| left <= last_seg_seq && right >= last_seg_seq)
     | |_____________________________________________________________________________________________^
     |
     = note: to rerun: `cargo flux check -p xarxa --only-check='def:socket::tcp::Socket::<'\''a>::ack_reply'`

error[E0999]: call to core[a8c6]::iter::traits::iterator::Iterator::map may panic: MightPanic(NotInCallGraph)
    --> src/socket/tcp.rs:1582:21
     |
1582 | /                     self.assembler
1583 | |                         .iter_data()
1584 | |                         .map(|(left, right)| (ack + left, ack + right))
     | |_______________________________________________________________________^
     |
     = note: to rerun: `cargo flux check -p xarxa --only-check='def:socket::tcp::Socket::<'\''a>::ack_reply'`

error[E0999]: call to core[a8c6]::iter::adapters::map::{impl#2}::next may panic: MightPanic(UnresolvedCall(DefId(1:9836 ~ core[a8c6]::iter::traits::iterator::Iterator::next)))
    --> src/socket/tcp.rs:1582:21
     |
1582 | /                     self.assembler
1583 | |                         .iter_data()
1584 | |                         .map(|(left, right)| (ack + left, ack + right))
1585 | |                         .next()
     | |_______________________________^
     |
     = note: to rerun: `cargo flux check -p xarxa --only-check='def:socket::tcp::Socket::<'\''a>::ack_reply'`

error[E0999]: call to core[a8c6]::option::{impl#0}::map may panic: MightPanic(UnresolvedCall(DefId(1:4252 ~ core[a8c6]::ops::function::FnOnce::call_once)))
    --> src/socket/tcp.rs:2709:60
     |
2709 |                     repr.window_scale = Maybe::from_option(self.remote_win_scale.map(|_| self.remote_win_shift));
     |                                                            ^^^^^^^^^^^^^^^^^^^^^^^^^^^^^^^^^^^^^^^^^^^^^^^^^^^^
     |
     = note: to rerun: `cargo flux check -p xarxa --only-check='def:socket::tcp::Socket::<'\''a>::dispatch'`

error[E0999]: call to core[a8c6]::result::{impl#28}::from_residual may panic: MightPanic(UnresolvedCall(DefId(1:3580 ~ core[a8c6]::convert::From::from)))
    --> src/socket/tcp.rs:2847:9
     |
2847 |         set_len_and_emit(cx, ip_repr, SizedTcpRepr::new(repr), emit)?;
     |         ^^^^^^^^^^^^^^^^^^^^^^^^^^^^^^^^^^^^^^^^^^^^^^^^^^^^^^^^^^^^^
     |
     = note: to rerun: `cargo flux check -p xarxa --only-check='def:socket::tcp::Socket::<'\''a>::dispatch'`

error[E0999]: call to core[a8c6]::option::{impl#0}::unwrap may panic: MightPanic(Transitive)
    --> src/socket/tcp.rs:2555:21
     |
2555 |         let tuple = self.tuple.unwrap();
     |                     ^^^^^^^^^^^^^^^^^^^
     |
     = note: to rerun: `cargo flux check -p xarxa --only-check='def:socket::tcp::Socket::<'\''a>::dispatch'`

error[E0999]: call to core[a8c6]::ops::function::FnOnce::call_once may panic: MightPanic(NotInCallGraph)
    --> src/socket/tcp.rs:3015:5
     |
3015 |     emit(cx, (ip_repr, repr))
     |     ^^^^^^^^^^^^^^^^^^^^^^^^^
     |
     = note: to rerun: `cargo flux check -p xarxa --only-check='def:socket::tcp::set_len_and_emit'`

error[E0999]: call to core[a8c6]::convert::Into::into may panic: MightPanic(NotInCallGraph)
  --> src/socket/udp.rs:40:23
   |
40 |             endpoint: value.into(),
   |                       ^^^^^^^^^^^^
   |
   = note: to rerun: `cargo flux check -p xarxa --only-check='def:<socket::udp::UdpMetadata as core::convert::From<T>>::from'`

error[E0999]: call to core[a8c6]::panicking::panic_fmt may panic: MightPanic(NoMIRAvailable)
   --> src/socket/udp.rs:311:13
    |
311 |             panic!("the time-to-live value of a packet must not be zero")
    |             ^^^^^^^^^^^^^^^^^^^^^^^^^^^^^^^^^^^^^^^^^^^^^^^^^^^^^^^^^^^^^
    |
    = note: to rerun: `cargo flux check -p xarxa --only-check='def:socket::udp::Socket::<'\''a>::set_hop_limit'`

error[E0999]: call to core[a8c6]::result::{impl#0}::map_err may panic: MightPanic(UnresolvedCall(DefId(1:4252 ~ core[a8c6]::ops::function::FnOnce::call_once)))
   --> src/socket/udp.rs:485:20
    |
485 |           let size = enqueue_payload(endpoint, &mut self.tx_buffer, max_size, meta, f)
    |  ____________________^
486 | |             .map_err(|_| SendError::BufferFull)?;
    | |_______________________________________________^
    |
    = note: to rerun: `cargo flux check -p xarxa --only-check='def:socket::udp::Socket::<'\''a>::send_with'`

error[E0999]: call to core[a8c6]::panicking::panic may panic: MightPanic(NoMIRAvailable)
   --> src/socket/udp.rs:636:9
    |
636 |         debug_assert!(self.accepts(cx, ip_repr, repr));
    |         ^^^^^^^^^^^^^^^^^^^^^^^^^^^^^^^^^^^^^^^^^^^^^^
    |
    = note: to rerun: `cargo flux check -p xarxa --only-check='def:socket::udp::Socket::<'\''a>::process'`

error[E0999]: call to core[a8c6]::ops::function::FnOnce::call_once may panic: MightPanic(NotInCallGraph)
   --> src/socket/udp.rs:798:5
    |
798 |     emit(cx, meta, (ip_repr, udp_repr, payload))
    |     ^^^^^^^^^^^^^^^^^^^^^^^^^^^^^^^^^^^^^^^^^^^^
    |
    = note: to rerun: `cargo flux check -p xarxa --only-check='def:socket::udp::call_emit'`

error[E0999]: call to core[a8c6]::panicking::panic may panic: MightPanic(NoMIRAvailable)
   --> src/storage/assembler.rs:173:9
    |
173 |         debug_assert!(self.contigs[at].has_data());
    |         ^^^^^^^^^^^^^^^^^^^^^^^^^^^^^^^^^^^^^^^^^^
    |
    = note: to rerun: `cargo flux check -p xarxa --only-check='def:storage::assembler::Assembler::remove_contig_at'`

error[E0999]: call to core[a8c6]::panicking::panic may panic: MightPanic(NoMIRAvailable)
   --> src/storage/packet_buffer.rs:153:9
    |
153 |         debug_assert!(payload_buf.len() == size);
    |         ^^^^^^^^^^^^^^^^^^^^^^^^^^^^^^^^^^^^^^^^
    |
    = note: to rerun: `cargo flux check -p xarxa --only-check='def:storage::packet_buffer::PacketBuffer::<'\''a, H>::enqueue'`

error[E0999]: call to core[a8c6]::convert::Into::into may panic: MightPanic(NotInCallGraph)
   --> src/storage/ring_buffer.rs:101:22
    |
101 |             storage: storage.into(),
    |                      ^^^^^^^^^^^^^^
    |
    = note: to rerun: `cargo flux check -p xarxa --only-check='def:storage::ring_buffer::RingBuffer::<'\''a, T>::new'`

error[E0999]: call to core[a8c6]::panicking::panic may panic: MightPanic(NoMIRAvailable)
   --> src/storage/ring_buffer.rs:337:9
    |
337 |         assert!(size <= max_size);
    |         ^^^^^^^^^^^^^^^^^^^^^^^^^
    |
    = note: to rerun: `cargo flux check -p xarxa --only-check='def:storage::ring_buffer::RingBuffer::<'\''a, T>::enqueue_many_with'`

error[E0999]: call to core[a8c6]::panicking::panic may panic: MightPanic(NoMIRAvailable)
   --> src/storage/ring_buffer.rs:393:9
    |
393 |         assert!(size <= max_size);
    |         ^^^^^^^^^^^^^^^^^^^^^^^^^
    |
    = note: to rerun: `cargo flux check -p xarxa --only-check='def:storage::ring_buffer::RingBuffer::<'\''a, T>::dequeue_many_with'`

error[E0999]: call to core[a8c6]::result::{impl#0}::unwrap may panic: MightPanic(Transitive)
   --> src/wire/arp.rs:589:25
    |
589 |                         packet.source_protocol_addr().try_into().unwrap(),
    |                         ^^^^^^^^^^^^^^^^^^^^^^^^^^^^^^^^^^^^^^^^^^^^^^^^^
    |
    = note: to rerun: `cargo flux check -p xarxa --only-check='def:wire::arp::Repr::parse'`

error[E0999]: call to core[a8c6]::result::{impl#0}::unwrap may panic: MightPanic(Transitive)
   --> src/wire/arp.rs:595:25
    |
595 |                         packet.target_protocol_addr().try_into().unwrap(),
    |                         ^^^^^^^^^^^^^^^^^^^^^^^^^^^^^^^^^^^^^^^^^^^^^^^^^
    |
    = note: to rerun: `cargo flux check -p xarxa --only-check='def:wire::arp::Repr::parse'`

error[E0999]: call to core[a8c6]::str::converts::from_utf8 may panic: MightPanic(NoMIRAvailable)
   --> src/wire/dhcpv4.rs:643:20
    |
643 |         let data = core::str::from_utf8(&data[..len]).map_err(|_| Error)?;
    |                    ^^^^^^^^^^^^^^^^^^^^^^^^^^^^^^^^^^
    |
    = note: to rerun: `cargo flux check -p xarxa --only-check='def:wire::dhcpv4::Packet::<T>::get_sname'`

error[E0999]: call to core[a8c6]::result::{impl#0}::map_err may panic: MightPanic(UnresolvedCall(DefId(1:4252 ~ core[a8c6]::ops::function::FnOnce::call_once)))
   --> src/wire/dhcpv4.rs:643:20
    |
643 |         let data = core::str::from_utf8(&data[..len]).map_err(|_| Error)?;
    |                    ^^^^^^^^^^^^^^^^^^^^^^^^^^^^^^^^^^^^^^^^^^^^^^^^^^^^^
    |
    = note: to rerun: `cargo flux check -p xarxa --only-check='def:wire::dhcpv4::Packet::<T>::get_sname'`

error[E0999]: call to core[a8c6]::result::{impl#0}::map_err may panic: MightPanic(UnresolvedCall(DefId(1:4252 ~ core[a8c6]::ops::function::FnOnce::call_once)))
   --> src/wire/dhcpv4.rs:657:20
    |
657 |         let data = core::str::from_utf8(&data[..len]).map_err(|_| Error)?;
    |                    ^^^^^^^^^^^^^^^^^^^^^^^^^^^^^^^^^^^^^^^^^^^^^^^^^^^^^
    |
    = note: to rerun: `cargo flux check -p xarxa --only-check='def:wire::dhcpv4::Packet::<T>::get_boot_file'`

error[E0999]: call to core[a8c6]::str::converts::from_utf8 may panic: MightPanic(NoMIRAvailable)
   --> src/wire/dhcpv4.rs:657:20
    |
657 |         let data = core::str::from_utf8(&data[..len]).map_err(|_| Error)?;
    |                    ^^^^^^^^^^^^^^^^^^^^^^^^^^^^^^^^^^
    |
    = note: to rerun: `cargo flux check -p xarxa --only-check='def:wire::dhcpv4::Packet::<T>::get_boot_file'`

error[E0999]: call to core[a8c6]::slice::iter::{impl#174}::next may panic: MightPanic(Transitive)
   --> src/wire/dhcpv4.rs:683:21
    |
683 |         for byte in &mut data[108..236] {
    |                     ^^^^^^^^^^^^^^^^^^^
    |
    = note: to rerun: `cargo flux check -p xarxa --only-check='def:wire::dhcpv4::Packet::<T>::set_sname_and_boot_file_to_zero'`

error[E0999]: call to core[a8c6]::slice::iter::{impl#174}::next may panic: MightPanic(Transitive)
   --> src/wire/dhcpv4.rs:679:21
    |
679 |         for byte in &mut data[34..108] {
    |                     ^^^^^^^^^^^^^^^^^^
    |
    = note: to rerun: `cargo flux check -p xarxa --only-check='def:wire::dhcpv4::Packet::<T>::set_sname_and_boot_file_to_zero'`

error[E0999]: call to core[a8c6]::panicking::panic may panic: MightPanic(NoMIRAvailable)
   --> src/wire/dhcpv4.rs:706:9
    |
706 |         assert!(number <= u16::from(u8::MAX)); // TODO: Replace with TryFrom when it's stable
    |         ^^^^^^^^^^^^^^^^^^^^^^^^^^^^^^^^^^^^^
    |
    = note: to rerun: `cargo flux check -p xarxa --only-check='def:wire::dhcpv4::Packet::<T>::set_hardware_type'`

error[E0999]: call to core[a8c6]::result::{impl#0}::map may panic: MightPanic(Transitive)
   --> src/wire/icmpv6.rs:991:53
    |
991 |             (msg_type, 0) if msg_type.is_ndisc() => NdiscRepr::parse(packet).map(Repr::Ndisc),
    |                                                     ^^^^^^^^^^^^^^^^^^^^^^^^^^^^^^^^^^^^^^^^^
    |
    = note: to rerun: `cargo flux check -p xarxa --only-check='def:wire::icmpv6::Repr::<'\''a>::parse_ref'`

error[E0999]: call to core[a8c6]::result::{impl#0}::map may panic: MightPanic(Transitive)
   --> src/wire/icmpv6.rs:992:51
    |
992 |             (msg_type, 0) if msg_type.is_mld() => MldRepr::parse(packet).map(Repr::Mld),
    |                                                   ^^^^^^^^^^^^^^^^^^^^^^^^^^^^^^^^^^^^^
    |
    = note: to rerun: `cargo flux check -p xarxa --only-check='def:wire::icmpv6::Repr::<'\''a>::parse_ref'`

error[E0999]: call to core[a8c6]::net::ip_addr::{impl#20}::new may panic: MightPanic(Transitive)
   --> src/wire/ip.rs:130:23
    |
130 |         Address::Ipv6(Ipv6Address::new(a0, a1, a2, a3, a4, a5, a6, a7))
    |                       ^^^^^^^^^^^^^^^^^^^^^^^^^^^^^^^^^^^^^^^^^^^^^^^^
    |
    = note: to rerun: `cargo flux check -p xarxa --only-check='def:wire::ip::Address::v6'`

error[E0999]: call to core[a8c6]::result::{impl#0}::unwrap may panic: MightPanic(Transitive)
   --> src/wire/ipv6.rs:643:30
    |
643 |         Address::from_octets(sub(data, 8, 16).try_into().unwrap()) // field::SRC_ADDR
    |                              ^^^^^^^^^^^^^^^^^^^^^^^^^^^^^^^^^^^^
    |
    = note: to rerun: `cargo flux check -p xarxa --only-check='def:wire::ipv6::Packet::<T>::src_addr'`

error[E0999]: call to core[a8c6]::result::{impl#0}::unwrap may panic: MightPanic(Transitive)
   --> src/wire/ipv6.rs:655:30
    |
655 |         Address::from_octets(sub(data, 24, 16).try_into().unwrap()) // field::DST_ADDR
    |                              ^^^^^^^^^^^^^^^^^^^^^^^^^^^^^^^^^^^^^
    |
    = note: to rerun: `cargo flux check -p xarxa --only-check='def:wire::ipv6::Packet::<T>::dst_addr'`

error[E0999]: call to core[a8c6]::result::{impl#0}::unwrap may panic: MightPanic(Transitive)
   --> src/wire/ipv6hbh.rs:306:9
    |
306 | /         options
307 | |             .push(Ipv6OptionRepr::RouterAlert(
308 | |                 RouterAlert::MulticastListenerDiscovery,
309 | |             ))
310 | |             .unwrap();
    | |_____________________^
    |
    = note: to rerun: `cargo flux check -p xarxa --only-check='def:wire::ipv6hbh::Repr::<'\''a>::mldv2_router_alert'`

error[E0999]: call to core[a8c6]::slice::iter::{impl#174}::next may panic: MightPanic(Transitive)
   --> src/wire/ipv6option.rs:634:26
    |
634 |                 for x in opt.data_mut().iter_mut() {
    |                          ^^^^^^^^^^^^^^^^^^^^^^^^^
    |
    = note: to rerun: `cargo flux check -p xarxa --only-check='def:wire::ipv6option::Repr::<'\''a>::emit'`

error[E0999]: call to core[a8c6]::panicking::panic_fmt may panic: MightPanic(NoMIRAvailable)
   --> src/wire/ipv6routing.rs:461:18
    |
461 |             _ => panic!("Unrecognized routing type when clearing reserved fields."),
    |                  ^^^^^^^^^^^^^^^^^^^^^^^^^^^^^^^^^^^^^^^^^^^^^^^^^^^^^^^^^^^^^^^^^^
    |
    = note: to rerun: `cargo flux check -p xarxa --only-check='def:wire::ipv6routing::Header::<T>::clear_reserved'`

error[E0999]: call to core[a8c6]::panicking::panic may panic: MightPanic(NoMIRAvailable)
   --> src/wire/mld.rs:517:9
    |
517 |         assert!(addr.is_multicast());
    |         ^^^^^^^^^^^^^^^^^^^^^^^^^^^^
    |
    = note: to rerun: `cargo flux check -p xarxa --only-check='def:wire::mld::AddressRecord::<T>::set_mcast_addr'`

error[E0999]: call to core[a8c6]::num::{impl#11}::div_ceil may panic: MightPanic(SynthesizedPanic)
    --> src/wire/ndiscoption.rs:1014:22
     |
1014 |     opt.set_data_len(opt_len.div_ceil(8) as u8); // round to next multiple of 8.
     |                      ^^^^^^^^^^^^^^^^^^^
     |
     = note: to rerun: `cargo flux check -p xarxa --only-check='def:wire::ndiscoption::emit_link_layer_addr'`

error[E0999]: call to core[a8c6]::panicking::panic_fmt may panic: MightPanic(NoMIRAvailable)
   --> src/wire/tcp.rs:165:13
    |
165 |             panic!("attempt to add to sequence number with unsigned overflow")
    |             ^^^^^^^^^^^^^^^^^^^^^^^^^^^^^^^^^^^^^^^^^^^^^^^^^^^^^^^^^^^^^^^^^^
    |
    = note: to rerun: `cargo flux check -p xarxa --only-check='def:<wire::tcp::SeqNumber as core::ops::Add<usize>>::add'`

error[E0999]: call to core[a8c6]::panicking::panic_fmt may panic: MightPanic(NoMIRAvailable)
   --> src/wire/tcp.rs:179:13
    |
179 |             panic!("attempt to subtract to sequence number with unsigned overflow")
    |             ^^^^^^^^^^^^^^^^^^^^^^^^^^^^^^^^^^^^^^^^^^^^^^^^^^^^^^^^^^^^^^^^^^^^^^^
    |
    = note: to rerun: `cargo flux check -p xarxa --only-check='def:<wire::tcp::SeqNumber as core::ops::Sub<usize>>::sub'`

error[E0999]: call to core[a8c6]::panicking::panic_fmt may panic: MightPanic(NoMIRAvailable)
   --> src/wire/tcp.rs:201:13
    |
201 |             panic!("attempt to subtract sequence numbers with underflow")
    |             ^^^^^^^^^^^^^^^^^^^^^^^^^^^^^^^^^^^^^^^^^^^^^^^^^^^^^^^^^^^^^
    |
    = note: to rerun: `cargo flux check -p xarxa --only-check='def:<wire::tcp::SeqNumber as core::ops::Sub>::sub'`

error[E0999]: refinement type error
   --> src/wire/tcp.rs:295:17
    |
295 |         &payload[overlap_start - segment_start..overlap_end - segment_start],
    |                 ^^^^^^^^^^^^^^^^^^^^^^^^^^^^^^^^^^^^^^^^^^^^^^^^^^^^^^^^^^^^ a precondition cannot be proved
    |
note: this is the condition that cannot be proved
   --> src/flux_specs/flux_core.rs:118:57
    |
118 | #[flux::assoc(fn in_bounds(r: Self, len: int) -> bool { r.start <= r.end && r.end <= len })]
    |                                                         ^^^^^^^^^^^^^^^^
    = note: to rerun: `cargo flux check -p xarxa --only-check='def:wire::tcp::accepted_window'`

error[E0999]: call to core[a8c6]::panicking::panic may panic: MightPanic(NoMIRAvailable)
   --> src/wire/tcp.rs:292:5
    |
292 |     debug_assert!(overlap_start <= overlap_end);
    |     ^^^^^^^^^^^^^^^^^^^^^^^^^^^^^^^^^^^^^^^^^^^
    |
    = note: to rerun: `cargo flux check -p xarxa --only-check='def:wire::tcp::accepted_window'`

error[E0999]: refinement type error
    --> src/wire/tcp.rs:1513:25
     |
1513 |                         buffer[2..].copy_from_slice(provided)
     |                         ^^^^^^^^^^^^^^^^^^^^^^^^^^^^^^^^^^^^^ a precondition cannot be proved
     |
     = note: to rerun: `cargo flux check -p xarxa --only-check='def:wire::tcp::TcpOption::<'\''a>::emit'`

error[E0999]: call to core[a8c6]::slice::iter::{impl#174}::next may panic: MightPanic(Transitive)
    --> src/wire/tcp.rs:1451:26
     |
1451 |                 for p in buffer.iter_mut() {
     |                          ^^^^^^^^^^^^^^^^^
     |
     = note: to rerun: `cargo flux check -p xarxa --only-check='def:wire::tcp::TcpOption::<'\''a>::emit'`

error[E0999]: call to core[a8c6]::ops::function::FnOnce::call_once may panic: MightPanic(NotInCallGraph)
   --> src/wire/udp.rs:635:9
    |
635 |         emit_payload(packet.payload_mut());
    |         ^^^^^^^^^^^^^^^^^^^^^^^^^^^^^^^^^^
    |
    = note: to rerun: `cargo flux check -p xarxa --only-check='def:wire::udp::Repr::emit'`

warning: `xarxa` (lib) generated 81 warnings
error: could not compile `xarxa` (lib) due to 320 previous errors; 81 warnings emitted
